INCOMING_ID,VARIATION_TYPE,TRUE_COMPANY_NUMBER,ENTITY_ID
IN-00001,MIXED,13461333,13461333
IN-00002,LEGAL_SUFFIX,16408708,16408708
IN-00003,LEGAL_SUFFIX,16972835,16972835
IN-00004,ADDRESS,13703378,13703378
IN-00005,LEGAL_SUFFIX,11818042,11818042
IN-00006,MIXED,10094700,10094700
IN-00007,LEGAL_SUFFIX,11777851,11777851
IN-00008,LEGAL_SUFFIX,02306990,02306990
IN-00009,SPELLING,16511326,16511326
IN-00010,LEGAL_SUFFIX,03241468,03241468
IN-00011,ADDRESS,12443352,12443352
IN-00012,VAT,16908284,16908284
IN-00013,VAT,16172491,16172491
IN-00014,MIXED,SL024599,SL024599
IN-00015,SPELLING,10306787,10306787
IN-00016,ADDRESS,03413518,03413518
IN-00017,ADDRESS,10758264,10758264
IN-00018,VAT,12890235,12890235
IN-00019,LEGAL_SUFFIX,04795499,04795499
IN-00020,ADDRESS,SC481212,SC481212
IN-00021,NO_MATCH,,13903734
IN-00022,VAT,14862126,14862126
IN-00023,SPELLING,08306542,08306542
IN-00024,LEGAL_SUFFIX,13032025,13032025
IN-00025,ADDRESS,03211544,03211544
IN-00026,SPELLING,06940708,06940708
IN-00027,SPELLING,05963591,05963591
IN-00028,DOMAIN,SC287798,SC287798
IN-00029,MIXED,15752522,15752522
IN-00030,LEGAL_SUFFIX,13875959,13875959
IN-00031,DOMAIN,13406878,13406878
IN-00032,LEGAL_SUFFIX,14058870,14058870
IN-00033,VAT,14901834,14901834
IN-00034,MIXED,SC690328,SC690328
IN-00035,VAT,11389089,11389089
IN-00036,MIXED,11892742,11892742
IN-00037,ADDRESS,16676377,16676377
IN-00038,NO_MATCH,,03443642
IN-00039,MIXED,17235532,17235532
IN-00040,NO_MATCH,,04491279
IN-00041,MIXED,15339617,15339617
IN-00042,SPELLING,SC072200,SC072200
IN-00043,SPELLING,06799016,06799016
IN-00044,NO_MATCH,,11497850
IN-00045,LEGAL_SUFFIX,06947409,06947409
IN-00046,ADDRESS,13398633,13398633
IN-00047,SPELLING,NI734828,NI734828
IN-00048,SPELLING,09795627,09795627
IN-00049,NO_MATCH,,04735430
IN-00050,MIXED,15895125,15895125
IN-00051,NO_MATCH,,08840368
IN-00052,LEGAL_SUFFIX,OE035186,OE035186
IN-00053,LEGAL_SUFFIX,14278629,14278629
IN-00054,MIXED,04876136,04876136
IN-00055,MIXED,14886028,14886028
IN-00056,MIXED,07942749,07942749
IN-00057,LEGAL_SUFFIX,07093180,07093180
IN-00058,NO_MATCH,,13533518
IN-00059,LEGAL_SUFFIX,07917949,07917949
IN-00060,VAT,13967458,13967458
IN-00061,TRANSLATION,11098380,11098380
IN-00062,ADDRESS,10695281,10695281
IN-00063,NO_MATCH,,05556277
IN-00064,VAT,05347625,05347625
IN-00065,MIXED,04181224,04181224
IN-00066,LEGAL_SUFFIX,03356398,03356398
IN-00067,MIXED,SC640904,SC640904
IN-00068,VAT,09452102,09452102
IN-00069,NO_MATCH,,15945774
IN-00070,ADDRESS,04795788,04795788
IN-00071,ADDRESS,14310186,14310186
IN-00072,TRANSLATION,06588220,06588220
IN-00073,MIXED,07104612,07104612
IN-00074,MIXED,09897601,09897601
IN-00075,LEGAL_SUFFIX,14832774,14832774
IN-00076,NO_MATCH,,08788203
IN-00077,SPELLING,12890235,12890235
IN-00078,ADDRESS,15882760,15882760
IN-00079,ADDRESS,13170579,13170579
IN-00080,DOMAIN,07317263,07317263
IN-00081,ADDRESS,03096708,03096708
IN-00082,MIXED,11680284,11680284
IN-00083,SPELLING,11459297,11459297
IN-00084,DOMAIN,08014423,08014423
IN-00085,ADDRESS,11182940,11182940
IN-00086,VAT,03093866,03093866
IN-00087,SPELLING,11957899,11957899
IN-00088,LEGAL_SUFFIX,11787404,11787404
IN-00089,ADDRESS,03180310,03180310
IN-00090,LEGAL_SUFFIX,15243713,15243713
IN-00091,ADDRESS,15407362,15407362
IN-00092,SPELLING,07392994,07392994
IN-00093,VAT,10661241,10661241
IN-00094,VAT,17155813,17155813
IN-00095,NO_MATCH,,06934611
IN-00096,ADDRESS,11720700,11720700
IN-00097,LEGAL_SUFFIX,16005772,16005772
IN-00098,ADDRESS,11452897,11452897
IN-00099,ADDRESS,10509967,10509967
IN-00100,NO_MATCH,,16165480
IN-00101,LEGAL_SUFFIX,17020934,17020934
IN-00102,MIXED,16117962,16117962
IN-00103,LEGAL_SUFFIX,16383513,16383513
IN-00104,ADDRESS,15274714,15274714
IN-00105,NO_MATCH,,11304112
IN-00106,NO_MATCH,,13903734
IN-00107,VAT,10683642,10683642
IN-00108,LEGAL_SUFFIX,17148993,17148993
IN-00109,TRANSLATION,05343019,05343019
IN-00110,NO_MATCH,,07520073
IN-00111,TRANSLATION,06400412,06400412
IN-00112,NO_MATCH,,17378831
IN-00113,VAT,12021560,12021560
IN-00114,MIXED,OC302976,OC302976
IN-00115,SPELLING,16398222,16398222
IN-00116,MIXED,SC858049,SC858049
IN-00117,SPELLING,03429221,03429221
IN-00118,MIXED,NI665185,NI665185
IN-00119,MIXED,15239646,15239646
IN-00120,SPELLING,17112077,17112077
IN-00121,NO_MATCH,,11635932
IN-00122,LEGAL_SUFFIX,OE035186,OE035186
IN-00123,MIXED,10629155,10629155
IN-00124,ADDRESS,11989876,11989876
IN-00125,NO_MATCH,,16532013
IN-00126,SPELLING,04797913,04797913
IN-00127,ADDRESS,04461505,04461505
IN-00128,NO_MATCH,,17105662
IN-00129,LEGAL_SUFFIX,07486600,07486600
IN-00130,SPELLING,16262111,16262111
IN-00131,SPELLING,16982156,16982156
IN-00132,MIXED,13577203,13577203
IN-00133,LEGAL_SUFFIX,12494982,12494982
IN-00134,VAT,12277415,12277415
IN-00135,DOMAIN,SC821670,SC821670
IN-00136,VAT,11328775,11328775
IN-00137,MIXED,05161242,05161242
IN-00138,ADDRESS,10306787,10306787
IN-00139,SPELLING,12389530,12389530
IN-00140,LEGAL_SUFFIX,04707804,04707804
IN-00141,VAT,15997169,15997169
IN-00142,MIXED,15895125,15895125
IN-00143,ADDRESS,10624655,10624655
IN-00144,ADDRESS,11146150,11146150
IN-00145,SPELLING,OC425315,OC425315
IN-00146,LEGAL_SUFFIX,15601406,15601406
IN-00147,DOMAIN,17129973,17129973
IN-00148,SPELLING,04112658,04112658
IN-00149,DOMAIN,16950188,16950188
IN-00150,SPELLING,07908955,07908955
IN-00151,NO_MATCH,,16148280
IN-00152,MIXED,03653457,03653457
IN-00153,VAT,16765803,16765803
IN-00154,NO_MATCH,,00478890
IN-00155,ADDRESS,09701677,09701677
IN-00156,MIXED,04470893,04470893
IN-00157,SPELLING,15751977,15751977
IN-00158,MIXED,11519802,11519802
IN-00159,TRANSLATION,06899800,06899800
IN-00160,LEGAL_SUFFIX,11054652,11054652
IN-00161,SPELLING,17142775,17142775
IN-00162,MIXED,16041163,16041163
IN-00163,MIXED,10873973,10873973
IN-00164,ADDRESS,14722373,14722373
IN-00165,SPELLING,07585388,07585388
IN-00166,VAT,10152412,10152412
IN-00167,LEGAL_SUFFIX,07620235,07620235
IN-00168,DOMAIN,04689013,04689013
IN-00169,SPELLING,16588187,16588187
IN-00170,SPELLING,12566146,12566146
IN-00171,NO_MATCH,,00478890
IN-00172,SPELLING,16358577,16358577
IN-00173,ADDRESS,16524343,16524343
IN-00174,VAT,08011331,08011331
IN-00175,LEGAL_SUFFIX,01095121,01095121
IN-00176,SPELLING,00915375,00915375
IN-00177,NO_MATCH,,08194506
IN-00178,TRANSLATION,16904808,16904808
IN-00179,SPELLING,14152965,14152965
IN-00180,ADDRESS,09514594,09514594
IN-00181,SPELLING,16564685,16564685
IN-00182,MIXED,00606982,00606982
IN-00183,SPELLING,07408183,07408183
IN-00184,SPELLING,04535185,04535185
IN-00185,NO_MATCH,,03245789
IN-00186,MIXED,16926436,16926436
IN-00187,SPELLING,01727828,01727828
IN-00188,NO_MATCH,,15414248
IN-00189,LEGAL_SUFFIX,SL003352,SL003352
IN-00190,VAT,05656968,05656968
IN-00191,ADDRESS,09758555,09758555
IN-00192,ADDRESS,15243713,15243713
IN-00193,VAT,09481303,09481303
IN-00194,ADDRESS,10661241,10661241
IN-00195,LEGAL_SUFFIX,11957899,11957899
IN-00196,NO_MATCH,,04491279
IN-00197,ADDRESS,11437301,11437301
IN-00198,MIXED,13263972,13263972
IN-00199,NO_MATCH,,14281258
IN-00200,ADDRESS,11680284,11680284
IN-00201,LEGAL_SUFFIX,09979550,09979550
IN-00202,SPELLING,13446872,13446872
IN-00203,NO_MATCH,,17155612
IN-00204,LEGAL_SUFFIX,07412320,07412320
IN-00205,SPELLING,03429221,03429221
IN-00206,DOMAIN,LP012473,LP012473
IN-00207,NO_MATCH,,15214807
IN-00208,MIXED,16676993,16676993
IN-00209,ADDRESS,10245019,10245019
IN-00210,LEGAL_SUFFIX,06004725,06004725
IN-00211,VAT,05656968,05656968
IN-00212,SPELLING,16940925,16940925
IN-00213,MIXED,04662351,04662351
IN-00214,ADDRESS,14668238,14668238
IN-00215,LEGAL_SUFFIX,17107867,17107867
IN-00216,ADDRESS,06654634,06654634
IN-00217,LEGAL_SUFFIX,16896569,16896569
IN-00218,MIXED,03054734,03054734
IN-00219,NO_MATCH,,15313157
IN-00220,ADDRESS,LP018127,LP018127
IN-00221,ADDRESS,07749193,07749193
IN-00222,VAT,09144674,09144674
IN-00223,DOMAIN,SC604400,SC604400
IN-00224,VAT,03116010,03116010
IN-00225,MIXED,16896569,16896569
IN-00226,NO_MATCH,,11497850
IN-00227,MIXED,02389868,02389868
IN-00228,ADDRESS,10662289,10662289
IN-00229,MIXED,14260411,14260411
IN-00230,LEGAL_SUFFIX,15949293,15949293
IN-00231,DOMAIN,04048095,04048095
IN-00232,VAT,16788167,16788167
IN-00233,MIXED,16982156,16982156
IN-00234,NO_MATCH,,13436665
IN-00235,DOMAIN,04614896,04614896
IN-00236,NO_MATCH,,17191332
IN-00237,SPELLING,11104758,11104758
IN-00238,LEGAL_SUFFIX,17132800,17132800
IN-00239,LEGAL_SUFFIX,LP012569,LP012569
IN-00240,SPELLING,05394635,05394635
IN-00241,LEGAL_SUFFIX,10629155,10629155
IN-00242,MIXED,16025424,16025424
IN-00243,MIXED,17293447,17293447
IN-00244,DOMAIN,11452897,11452897
IN-00245,SPELLING,08954119,08954119
IN-00246,VAT,10247091,10247091
IN-00247,SPELLING,16805003,16805003
IN-00248,DOMAIN,16510078,16510078
IN-00249,SPELLING,08246890,08246890
IN-00250,DOMAIN,09970003,09970003
IN-00251,NO_MATCH,,OC350269
IN-00252,VAT,11514421,11514421
IN-00253,SPELLING,03489031,03489031
IN-00254,DOMAIN,15467367,15467367
IN-00255,LEGAL_SUFFIX,15518116,15518116
IN-00256,SPELLING,13256294,13256294
IN-00257,NO_MATCH,,16121528
IN-00258,VAT,13063020,13063020
IN-00259,VAT,16338348,16338348
IN-00260,NO_MATCH,,16403618
IN-00261,MIXED,16491697,16491697
IN-00262,MIXED,05477735,05477735
IN-00263,LEGAL_SUFFIX,16900701,16900701
IN-00264,TRANSLATION,15752607,15752607
IN-00265,MIXED,15845611,15845611
IN-00266,ADDRESS,16680228,16680228
IN-00267,SPELLING,15563158,15563158
IN-00268,SPELLING,15464475,15464475
IN-00269,ADDRESS,16819726,16819726
IN-00270,DOMAIN,12408960,12408960
IN-00271,SPELLING,09353903,09353903
IN-00272,NO_MATCH,,NI038670
IN-00273,MIXED,14321548,14321548
IN-00274,NO_MATCH,,12674653
IN-00275,MIXED,07463473,07463473
IN-00276,NO_MATCH,,14201307
IN-00277,NO_MATCH,,16330733
IN-00278,LEGAL_SUFFIX,15780179,15780179
IN-00279,NO_MATCH,,15384166
IN-00280,MIXED,SL010087,SL010087
IN-00281,DOMAIN,12244903,12244903
IN-00282,SPELLING,08246890,08246890
IN-00283,LEGAL_SUFFIX,10549359,10549359
IN-00284,DOMAIN,07096056,07096056
IN-00285,NO_MATCH,,08812127
IN-00286,ADDRESS,14997526,14997526
IN-00287,LEGAL_SUFFIX,SC518730,SC518730
IN-00288,NO_MATCH,,SL025502
IN-00289,NO_MATCH,,17245458
IN-00290,VAT,09514594,09514594
IN-00291,NO_MATCH,,14910307
IN-00292,LEGAL_SUFFIX,13577203,13577203
IN-00293,NO_MATCH,,09337021
IN-00294,MIXED,13063020,13063020
IN-00295,SPELLING,16438860,16438860
IN-00296,NO_MATCH,,SC587934
IN-00297,SPELLING,15957452,15957452
IN-00298,TRANSLATION,10695281,10695281
IN-00299,MIXED,12349267,12349267
IN-00300,MIXED,15762198,15762198
IN-00301,ADDRESS,11064169,11064169
IN-00302,DOMAIN,13900607,13900607
IN-00303,LEGAL_SUFFIX,12212123,12212123
IN-00304,LEGAL_SUFFIX,04569958,04569958
IN-00305,LEGAL_SUFFIX,NI683575,NI683575
IN-00306,LEGAL_SUFFIX,12436240,12436240
IN-00307,ADDRESS,17414492,17414492
IN-00308,LEGAL_SUFFIX,08235770,08235770
IN-00309,ADDRESS,01627450,01627450
IN-00310,SPELLING,03523618,03523618
IN-00311,MIXED,OC455566,OC455566
IN-00312,VAT,14772035,14772035
IN-00313,NO_MATCH,,14217212
IN-00314,LEGAL_SUFFIX,17328999,17328999
IN-00315,SPELLING,13150301,13150301
IN-00316,SPELLING,15234741,15234741
IN-00317,MIXED,16936250,16936250
IN-00318,LEGAL_SUFFIX,14684783,14684783
IN-00319,DOMAIN,12258604,12258604
IN-00320,MIXED,15257533,15257533
IN-00321,MIXED,07096056,07096056
IN-00322,VAT,17129909,17129909
IN-00323,ADDRESS,09649343,09649343
IN-00324,TRANSLATION,15379598,15379598
IN-00325,LEGAL_SUFFIX,10889984,10889984
IN-00326,LEGAL_SUFFIX,17142526,17142526
IN-00327,SPELLING,12423746,12423746
IN-00328,ADDRESS,07295857,07295857
IN-00329,ADDRESS,12615292,12615292
IN-00330,LEGAL_SUFFIX,07963564,07963564
IN-00331,NO_MATCH,,09337021
IN-00332,LEGAL_SUFFIX,12338187,12338187
IN-00333,TRANSLATION,16065702,16065702
IN-00334,MIXED,12258604,12258604
IN-00335,MIXED,13844079,13844079
IN-00336,ADDRESS,13663474,13663474
IN-00337,SPELLING,01727828,01727828
IN-00338,SPELLING,07807646,07807646
IN-00339,SPELLING,14429831,14429831
IN-00340,ADDRESS,06781577,06781577
IN-00341,DOMAIN,17271328,17271328
IN-00342,MIXED,04104063,04104063
IN-00343,ADDRESS,17132800,17132800
IN-00344,MIXED,07585388,07585388
IN-00345,MIXED,09452102,09452102
IN-00346,NO_MATCH,,05759067
IN-00347,MIXED,04868589,04868589
IN-00348,LEGAL_SUFFIX,13452507,13452507
IN-00349,DOMAIN,13844079,13844079
IN-00350,LEGAL_SUFFIX,11316530,11316530
IN-00351,ADDRESS,04375332,04375332
IN-00352,NO_MATCH,,09926013
IN-00353,SPELLING,14923720,14923720
IN-00354,VAT,13945400,13945400
IN-00355,MIXED,05937614,05937614
IN-00356,NO_MATCH,,13897072
IN-00357,SPELLING,13449221,13449221
IN-00358,LEGAL_SUFFIX,11594546,11594546
IN-00359,LEGAL_SUFFIX,09931295,09931295
IN-00360,SPELLING,09078607,09078607
IN-00361,LEGAL_SUFFIX,03592216,03592216
IN-00362,LEGAL_SUFFIX,13557320,13557320
IN-00363,NO_MATCH,,09231865
IN-00364,ADDRESS,08343818,08343818
IN-00365,LEGAL_SUFFIX,12231633,12231633
IN-00366,ADDRESS,LP011342,LP011342
IN-00367,SPELLING,15112963,15112963
IN-00368,NO_MATCH,,03443642
IN-00369,TRANSLATION,10566994,10566994
IN-00370,TRANSLATION,06391520,06391520
IN-00371,VAT,10501960,10501960
IN-00372,MIXED,06347053,06347053
IN-00373,SPELLING,12928178,12928178
IN-00374,SPELLING,15492865,15492865
IN-00375,LEGAL_SUFFIX,07564744,07564744
IN-00376,MIXED,15801900,15801900
IN-00377,NO_MATCH,,10442838
IN-00378,NO_MATCH,,SC395473
IN-00379,VAT,11275367,11275367
IN-00380,VAT,13127697,13127697
IN-00381,SPELLING,11989876,11989876
IN-00382,ADDRESS,08899054,08899054
IN-00383,LEGAL_SUFFIX,SC195539,SC195539
IN-00384,DOMAIN,11701611,11701611
IN-00385,MIXED,02945595,02945595
IN-00386,ADDRESS,16041836,16041836
IN-00387,MIXED,SL013892,SL013892
IN-00388,MIXED,09139188,09139188
IN-00389,SPELLING,06677911,06677911
IN-00390,ADDRESS,17297174,17297174
IN-00391,DOMAIN,16646679,16646679
IN-00392,SPELLING,10489750,10489750
IN-00393,SPELLING,08365021,08365021
IN-00394,MIXED,13286483,13286483
IN-00395,SPELLING,17425769,17425769
IN-00396,SPELLING,SC648306,SC648306
IN-00397,DOMAIN,16390673,16390673
IN-00398,SPELLING,13698493,13698493
IN-00399,ADDRESS,10469269,10469269
IN-00400,NO_MATCH,,08194506
IN-00401,MIXED,09883993,09883993
IN-00402,DOMAIN,11146150,11146150
IN-00403,MIXED,16063839,16063839
IN-00404,SPELLING,16378380,16378380
IN-00405,VAT,16595602,16595602
IN-00406,LEGAL_SUFFIX,16067747,16067747
IN-00407,SPELLING,14012464,14012464
IN-00408,SPELLING,15725067,15725067
IN-00409,SPELLING,SC604400,SC604400
IN-00410,SPELLING,12349139,12349139
IN-00411,VAT,03106442,03106442
IN-00412,ADDRESS,12138649,12138649
IN-00413,LEGAL_SUFFIX,15165237,15165237
IN-00414,VAT,16116165,16116165
IN-00415,VAT,11256177,11256177
IN-00416,NO_MATCH,,03136449
IN-00417,ADDRESS,16694239,16694239
IN-00418,DOMAIN,NI616234,NI616234
IN-00419,LEGAL_SUFFIX,13917519,13917519
IN-00420,ADDRESS,17039310,17039310
IN-00421,NO_MATCH,,05932580
IN-00422,SPELLING,11438171,11438171
IN-00423,LEGAL_SUFFIX,16908262,16908262
IN-00424,SPELLING,SC655934,SC655934
IN-00425,ADDRESS,16246419,16246419
IN-00426,ADDRESS,14615414,14615414
IN-00427,TRANSLATION,14571146,14571146
IN-00428,SPELLING,OC425315,OC425315
IN-00429,ADDRESS,16676196,16676196
IN-00430,LEGAL_SUFFIX,15764451,15764451
IN-00431,LEGAL_SUFFIX,17366842,17366842
IN-00432,NO_MATCH,,11277047
IN-00433,MIXED,11240717,11240717
IN-00434,ADDRESS,14471312,14471312
IN-00435,DOMAIN,10624655,10624655
IN-00436,ADDRESS,10609817,10609817
IN-00437,LEGAL_SUFFIX,07703599,07703599
IN-00438,NO_MATCH,,07309166
IN-00439,DOMAIN,03843466,03843466
IN-00440,DOMAIN,01601453,01601453
IN-00441,DOMAIN,04478450,04478450
IN-00442,DOMAIN,12903994,12903994
IN-00443,LEGAL_SUFFIX,03357415,03357415
IN-00444,LEGAL_SUFFIX,05367275,05367275
IN-00445,MIXED,OC423100,OC423100
IN-00446,SPELLING,16137867,16137867
IN-00447,LEGAL_SUFFIX,12174004,12174004
IN-00448,DOMAIN,12263975,12263975
IN-00449,SPELLING,SC870039,SC870039
IN-00450,MIXED,10792643,10792643
IN-00451,LEGAL_SUFFIX,07372375,07372375
IN-00452,SPELLING,12101555,12101555
IN-00453,SPELLING,14096653,14096653
IN-00454,MIXED,04876136,04876136
IN-00455,VAT,15492865,15492865
IN-00456,DOMAIN,16313488,16313488
IN-00457,VAT,LP013567,LP013567
IN-00458,MIXED,10928818,10928818
IN-00459,MIXED,10194613,10194613
IN-00460,MIXED,16935176,16935176
IN-00461,VAT,14097016,14097016
IN-00462,SPELLING,15705016,15705016
IN-00463,SPELLING,07536101,07536101
IN-00464,MIXED,16531668,16531668
IN-00465,SPELLING,16438860,16438860
IN-00466,SPELLING,OC398921,OC398921
IN-00467,VAT,13256649,13256649
IN-00468,LEGAL_SUFFIX,09802230,09802230
IN-00469,LEGAL_SUFFIX,03409257,03409257
IN-00470,NO_MATCH,,14634247
IN-00471,SPELLING,SC694835,SC694835
IN-00472,NO_MATCH,,06805277
IN-00473,LEGAL_SUFFIX,13736729,13736729
IN-00474,NO_MATCH,,SC587934
IN-00475,SPELLING,16700148,16700148
IN-00476,LEGAL_SUFFIX,10167802,10167802
IN-00477,MIXED,16873814,16873814
IN-00478,SPELLING,15579454,15579454
IN-00479,ADDRESS,16138450,16138450
IN-00480,DOMAIN,12433991,12433991
IN-00481,ADDRESS,17046604,17046604
IN-00482,LEGAL_SUFFIX,13062908,13062908
IN-00483,ADDRESS,16495591,16495591
IN-00484,LEGAL_SUFFIX,13600814,13600814
IN-00485,NO_MATCH,,17420102
IN-00486,LEGAL_SUFFIX,11227047,11227047
IN-00487,SPELLING,16315773,16315773
IN-00488,NO_MATCH,,15422378
IN-00489,SPELLING,13398633,13398633
IN-00490,LEGAL_SUFFIX,05902824,05902824
IN-00491,NO_MATCH,,13678381
IN-00492,VAT,17414128,17414128
IN-00493,NO_MATCH,,SC490804
IN-00494,TRANSLATION,12314025,12314025
IN-00495,NO_MATCH,,07500811
IN-00496,LEGAL_SUFFIX,04899270,04899270
IN-00497,DOMAIN,13030153,13030153
IN-00498,LEGAL_SUFFIX,17097174,17097174
IN-00499,LEGAL_SUFFIX,11363029,11363029
IN-00500,SPELLING,16975324,16975324
IN-00501,LEGAL_SUFFIX,17217769,17217769
IN-00502,MIXED,17302354,17302354
IN-00503,MIXED,16461620,16461620
IN-00504,MIXED,11351430,11351430
IN-00505,NO_MATCH,,13897072
IN-00506,NO_MATCH,,NI064635
IN-00507,MIXED,06739582,06739582
IN-00508,SPELLING,14097016,14097016
IN-00509,VAT,16513529,16513529
IN-00510,VAT,14250170,14250170
IN-00511,ADDRESS,03281137,03281137
IN-00512,MIXED,15814583,15814583
IN-00513,SPELLING,SC735258,SC735258
IN-00514,LEGAL_SUFFIX,14602226,14602226
IN-00515,MIXED,01627450,01627450
IN-00516,MIXED,08398789,08398789
IN-00517,LEGAL_SUFFIX,06284655,06284655
IN-00518,SPELLING,02771246,02771246
IN-00519,DOMAIN,08235770,08235770
IN-00520,LEGAL_SUFFIX,07181265,07181265
IN-00521,DOMAIN,07375052,07375052
IN-00522,LEGAL_SUFFIX,16824093,16824093
IN-00523,SPELLING,05062934,05062934
IN-00524,TRANSLATION,10509967,10509967
IN-00525,DOMAIN,10188449,10188449
IN-00526,VAT,16797023,16797023
IN-00527,DOMAIN,10526453,10526453
IN-00528,MIXED,06940708,06940708
IN-00529,SPELLING,12500216,12500216
IN-00530,ADDRESS,09305364,09305364
IN-00531,ADDRESS,05367275,05367275
IN-00532,SPELLING,13608055,13608055
IN-00533,ADDRESS,SC886785,SC886785
IN-00534,LEGAL_SUFFIX,01291149,01291149
IN-00535,LEGAL_SUFFIX,16668737,16668737
IN-00536,DOMAIN,11447524,11447524
IN-00537,NO_MATCH,,10955349
IN-00538,MIXED,16765803,16765803
IN-00539,LEGAL_SUFFIX,17220171,17220171
IN-00540,LEGAL_SUFFIX,04112024,04112024
IN-00541,NO_MATCH,,11887545
IN-00542,VAT,14803627,14803627
IN-00543,LEGAL_SUFFIX,16338348,16338348
IN-00544,VAT,17066635,17066635
IN-00545,SPELLING,16337425,16337425
IN-00546,LEGAL_SUFFIX,16123151,16123151
IN-00547,MIXED,16595513,16595513
IN-00548,ADDRESS,16945964,16945964
IN-00549,LEGAL_SUFFIX,SL009745,SL009745
IN-00550,SPELLING,12574924,12574924
IN-00551,DOMAIN,17146003,17146003
IN-00552,SPELLING,15970407,15970407
IN-00553,MIXED,15339617,15339617
IN-00554,SPELLING,15467367,15467367
IN-00555,MIXED,16758294,16758294
IN-00556,MIXED,01291149,01291149
IN-00557,SPELLING,03592216,03592216
IN-00558,MIXED,08306542,08306542
IN-00559,MIXED,17235532,17235532
IN-00560,DOMAIN,09311598,09311598
IN-00561,DOMAIN,17328999,17328999
IN-00562,VAT,14500102,14500102
IN-00563,LEGAL_SUFFIX,06799016,06799016
IN-00564,SPELLING,07453326,07453326
IN-00565,MIXED,16562944,16562944
IN-00566,LEGAL_SUFFIX,09931295,09931295
IN-00567,LEGAL_SUFFIX,12353757,12353757
IN-00568,MIXED,10163184,10163184
IN-00569,ADDRESS,11527197,11527197
IN-00570,ADDRESS,NI630616,NI630616
IN-00571,DOMAIN,SC708389,SC708389
IN-00572,MIXED,10404797,10404797
IN-00573,ADDRESS,OC425315,OC425315
IN-00574,VAT,05373938,05373938
IN-00575,MIXED,17228245,17228245
IN-00576,MIXED,04441468,04441468
IN-00577,VAT,17155813,17155813
IN-00578,DOMAIN,10923233,10923233
IN-00579,LEGAL_SUFFIX,15949293,15949293
IN-00580,SPELLING,14832774,14832774
IN-00581,ADDRESS,16919644,16919644
IN-00582,NO_MATCH,,17183038
IN-00583,VAT,16919644,16919644
IN-00584,SPELLING,10460241,10460241
IN-00585,TRANSLATION,13243218,13243218
IN-00586,TRANSLATION,SC541086,SC541086
IN-00587,VAT,14602226,14602226
IN-00588,ADDRESS,17233134,17233134
IN-00589,MIXED,16987960,16987960
IN-00590,MIXED,09701677,09701677
IN-00591,LEGAL_SUFFIX,11407563,11407563
IN-00592,MIXED,10771270,10771270
IN-00593,TRANSLATION,16491697,16491697
IN-00594,NO_MATCH,,14597735
IN-00595,LEGAL_SUFFIX,10735910,10735910
IN-00596,ADDRESS,07542871,07542871
IN-00597,DOMAIN,17271328,17271328
IN-00598,SPELLING,07012887,07012887
IN-00599,SPELLING,12627237,12627237
IN-00600,ADDRESS,SC820391,SC820391
IN-00601,SPELLING,NI690952,NI690952
IN-00602,DOMAIN,SC476377,SC476377
IN-00603,DOMAIN,13558862,13558862
IN-00604,DOMAIN,10244810,10244810
IN-00605,ADDRESS,11389089,11389089
IN-00606,NO_MATCH,,08840368
IN-00607,VAT,10889984,10889984
IN-00608,NO_MATCH,,09670217
IN-00609,VAT,16605360,16605360
IN-00610,TRANSLATION,15908836,15908836
IN-00611,SPELLING,15801900,15801900
IN-00612,SPELLING,07754823,07754823
IN-00613,VAT,15955997,15955997
IN-00614,DOMAIN,OC381093,OC381093
IN-00615,LEGAL_SUFFIX,16315909,16315909
IN-00616,NO_MATCH,,14175127
IN-00617,VAT,17153115,17153115
IN-00618,VAT,SC452857,SC452857
IN-00619,MIXED,11700744,11700744
IN-00620,SPELLING,15406922,15406922
IN-00621,MIXED,10695281,10695281
IN-00622,LEGAL_SUFFIX,11942859,11942859
IN-00623,SPELLING,03741779,03741779
IN-00624,SPELLING,11459297,11459297
IN-00625,ADDRESS,15379393,15379393
IN-00626,ADDRESS,06485790,06485790
IN-00627,NO_MATCH,,10801181
IN-00628,VAT,15908836,15908836
IN-00629,NO_MATCH,,17151587
IN-00630,SPELLING,16079562,16079562
IN-00631,NO_MATCH,,07459758
IN-00632,LEGAL_SUFFIX,02056675,02056675
IN-00633,NO_MATCH,,10756632
IN-00634,SPELLING,09263909,09263909
IN-00635,VAT,07415092,07415092
IN-00636,SPELLING,07102233,07102233
IN-00637,MIXED,14123038,14123038
IN-00638,MIXED,11732281,11732281
IN-00639,MIXED,13562239,13562239
IN-00640,NO_MATCH,,15483383
IN-00641,LEGAL_SUFFIX,16086238,16086238
IN-00642,MIXED,12519600,12519600
IN-00643,SPELLING,05373938,05373938
IN-00644,ADDRESS,SC364214,SC364214
IN-00645,DOMAIN,04294922,04294922
IN-00646,DOMAIN,17040691,17040691
IN-00647,VAT,08035306,08035306
IN-00648,MIXED,08574923,08574923
IN-00649,MIXED,17061133,17061133
IN-00650,ADDRESS,17210538,17210538
IN-00651,NO_MATCH,,OC350269
IN-00652,ADDRESS,16042319,16042319
IN-00653,NO_MATCH,,17076838
IN-00654,LEGAL_SUFFIX,16273702,16273702
IN-00655,SPELLING,07283951,07283951
IN-00656,LEGAL_SUFFIX,14204257,14204257
IN-00657,DOMAIN,11320529,11320529
IN-00658,NO_MATCH,,13533518
IN-00659,ADDRESS,SC522834,SC522834
IN-00660,VAT,06320688,06320688
IN-00661,VAT,12277572,12277572
IN-00662,LEGAL_SUFFIX,12428395,12428395
IN-00663,NO_MATCH,,16288678
IN-00664,DOMAIN,SC858049,SC858049
IN-00665,VAT,15823260,15823260
IN-00666,ADDRESS,13268437,13268437
IN-00667,LEGAL_SUFFIX,13859918,13859918
IN-00668,NO_MATCH,,07905469
IN-00669,DOMAIN,16340724,16340724
IN-00670,ADDRESS,06620600,06620600
IN-00671,MIXED,12408960,12408960
IN-00672,NO_MATCH,,LP006552
IN-00673,LEGAL_SUFFIX,14740308,14740308
IN-00674,SPELLING,10990972,10990972
IN-00675,NO_MATCH,,17324817
IN-00676,LEGAL_SUFFIX,17173435,17173435
IN-00677,VAT,04489879,04489879
IN-00678,NO_MATCH,,07469577
IN-00679,VAT,13608055,13608055
IN-00680,ADDRESS,16110724,16110724
IN-00681,NO_MATCH,,13164005
IN-00682,DOMAIN,10877600,10877600
IN-00683,NO_MATCH,,03660966
IN-00684,SPELLING,16595513,16595513
IN-00685,VAT,11792202,11792202
IN-00686,VAT,15540087,15540087
IN-00687,SPELLING,12920800,12920800
IN-00688,LEGAL_SUFFIX,SC568922,SC568922
IN-00689,SPELLING,05469785,05469785
IN-00690,LEGAL_SUFFIX,08727105,08727105
IN-00691,VAT,17346886,17346886
IN-00692,SPELLING,09646789,09646789
IN-00693,MIXED,16915945,16915945
IN-00694,MIXED,12625925,12625925
IN-00695,MIXED,16065462,16065462
IN-00696,NO_MATCH,,SC884603
IN-00697,ADDRESS,04795499,04795499
IN-00698,LEGAL_SUFFIX,10306787,10306787
IN-00699,LEGAL_SUFFIX,15793375,15793375
IN-00700,MIXED,14918895,14918895
IN-00701,MIXED,16390673,16390673
IN-00702,SPELLING,17275599,17275599
IN-00703,ADDRESS,12338187,12338187
IN-00704,LEGAL_SUFFIX,13619335,13619335
IN-00705,MIXED,09172698,09172698
IN-00706,VAT,04485828,04485828
IN-00707,ADDRESS,03869401,03869401
IN-00708,ADDRESS,12926954,12926954
IN-00709,SPELLING,14659771,14659771
IN-00710,DOMAIN,07393187,07393187
IN-00711,SPELLING,13198173,13198173
IN-00712,NO_MATCH,,07500811
IN-00713,ADDRESS,13914342,13914342
IN-00714,NO_MATCH,,14497636
IN-00715,SPELLING,15368503,15368503
IN-00716,LEGAL_SUFFIX,SC773565,SC773565
IN-00717,LEGAL_SUFFIX,17207546,17207546
IN-00718,MIXED,16811198,16811198
IN-00719,LEGAL_SUFFIX,16219945,16219945
IN-00720,ADDRESS,16173550,16173550
IN-00721,SPELLING,08489080,08489080
IN-00722,MIXED,11078433,11078433
IN-00723,NO_MATCH,,14910307
IN-00724,LEGAL_SUFFIX,15648509,15648509
IN-00725,LEGAL_SUFFIX,04485828,04485828
IN-00726,VAT,13600814,13600814
IN-00727,VAT,11054652,11054652
IN-00728,ADDRESS,13736729,13736729
IN-00729,MIXED,01875491,01875491
IN-00730,NO_MATCH,,OE005862
IN-00731,ADDRESS,13461333,13461333
IN-00732,DOMAIN,11757913,11757913
IN-00733,DOMAIN,16331818,16331818
IN-00734,DOMAIN,04441468,04441468
IN-00735,SPELLING,14648687,14648687
IN-00736,MIXED,11351430,11351430
IN-00737,MIXED,16352475,16352475
IN-00738,NO_MATCH,,14073313
IN-00739,MIXED,11452897,11452897
IN-00740,DOMAIN,11240717,11240717
IN-00741,MIXED,17306974,17306974
IN-00742,NO_MATCH,,10442838
IN-00743,NO_MATCH,,14073313
IN-00744,NO_MATCH,,12674653
IN-00745,TRANSLATION,15063679,15063679
IN-00746,DOMAIN,SL030830,SL030830
IN-00747,LEGAL_SUFFIX,14702048,14702048
IN-00748,DOMAIN,11380780,11380780
IN-00749,SPELLING,17046604,17046604
IN-00750,LEGAL_SUFFIX,12356996,12356996
IN-00751,SPELLING,16840950,16840950
IN-00752,LEGAL_SUFFIX,05536404,05536404
IN-00753,NO_MATCH,,10756879
IN-00754,SPELLING,11560843,11560843
IN-00755,SPELLING,17016871,17016871
IN-00756,LEGAL_SUFFIX,08256975,08256975
IN-00757,SPELLING,09317378,09317378
IN-00758,SPELLING,07765165,07765165
IN-00759,SPELLING,13558862,13558862
IN-00760,LEGAL_SUFFIX,17370839,17370839
IN-00761,ADDRESS,LP012379,LP012379
IN-00762,LEGAL_SUFFIX,17132800,17132800
IN-00763,MIXED,15426186,15426186
IN-00764,SPELLING,08954119,08954119
IN-00765,NO_MATCH,,06371720
IN-00766,MIXED,15121835,15121835
IN-00767,MIXED,16319646,16319646
IN-00768,SPELLING,06620600,06620600
IN-00769,NO_MATCH,,12328000
IN-00770,ADDRESS,00641562,00641562
IN-00771,SPELLING,06803571,06803571
IN-00772,ADDRESS,07203806,07203806
IN-00773,LEGAL_SUFFIX,16176555,16176555
IN-00774,ADDRESS,SC735258,SC735258
IN-00775,ADDRESS,08149585,08149585
IN-00776,MIXED,07917949,07917949
IN-00777,VAT,03409257,03409257
IN-00778,MIXED,OC455566,OC455566
IN-00779,LEGAL_SUFFIX,16359471,16359471
IN-00780,ADDRESS,12014190,12014190
IN-00781,NO_MATCH,,04735430
IN-00782,ADDRESS,14561792,14561792
IN-00783,NO_MATCH,,09174173
IN-00784,NO_MATCH,,17122948
IN-00785,MIXED,16313488,16313488
IN-00786,ADDRESS,16349473,16349473
IN-00787,VAT,11275367,11275367
IN-00788,LEGAL_SUFFIX,OE007403,OE007403
IN-00789,MIXED,16835869,16835869
IN-00790,LEGAL_SUFFIX,01809515,01809515
IN-00791,NO_MATCH,,16771836
IN-00792,SPELLING,07577588,07577588
IN-00793,VAT,LP013567,LP013567
IN-00794,NO_MATCH,,OC447924
IN-00795,LEGAL_SUFFIX,16595602,16595602
IN-00796,LEGAL_SUFFIX,16133411,16133411
IN-00797,LEGAL_SUFFIX,17328999,17328999
IN-00798,SPELLING,15733436,15733436
IN-00799,LEGAL_SUFFIX,13914342,13914342
IN-00800,VAT,10501960,10501960
IN-00801,DOMAIN,10834865,10834865
IN-00802,SPELLING,16987960,16987960
IN-00803,MIXED,09315896,09315896
IN-00804,SPELLING,12163433,12163433
IN-00805,LEGAL_SUFFIX,07779249,07779249
IN-00806,LEGAL_SUFFIX,15467367,15467367
IN-00807,NO_MATCH,,09926013
IN-00808,ADDRESS,09305364,09305364
IN-00809,SPELLING,13740232,13740232
IN-00810,MIXED,09752598,09752598
IN-00811,NO_MATCH,,10756879
IN-00812,SPELLING,13541305,13541305
IN-00813,NO_MATCH,,NI044455
IN-00814,SPELLING,SL010911,SL010911
IN-00815,ADDRESS,17054779,17054779
IN-00816,NO_MATCH,,NI038670
IN-00817,ADDRESS,15406922,15406922
IN-00818,VAT,12393592,12393592
IN-00819,LEGAL_SUFFIX,05963591,05963591
IN-00820,DOMAIN,07642862,07642862
IN-00821,SPELLING,SC655934,SC655934
IN-00822,MIXED,08938600,08938600
IN-00823,ADDRESS,07412320,07412320
IN-00824,MIXED,03424689,03424689
IN-00825,NO_MATCH,,10010870
IN-00826,SPELLING,13503026,13503026
IN-00827,DOMAIN,04031467,04031467
IN-00828,ADDRESS,16297252,16297252
IN-00829,SPELLING,13608055,13608055
IN-00830,LEGAL_SUFFIX,04477478,04477478
IN-00831,ADDRESS,16335804,16335804
IN-00832,SPELLING,13802026,13802026
IN-00833,DOMAIN,07317263,07317263
IN-00834,DOMAIN,05539587,05539587
IN-00835,DOMAIN,14725185,14725185
IN-00836,ADDRESS,16986425,16986425
IN-00837,DOMAIN,08365021,08365021
IN-00838,DOMAIN,12513176,12513176
IN-00839,MIXED,07966323,07966323
IN-00840,NO_MATCH,,05863185
IN-00841,ADDRESS,02028024,02028024
IN-00842,MIXED,16731011,16731011
IN-00843,MIXED,13698493,13698493
IN-00844,VAT,17121672,17121672
IN-00845,VAT,08129286,08129286
IN-00846,VAT,11426441,11426441
IN-00847,LEGAL_SUFFIX,02566586,02566586
IN-00848,MIXED,03226166,03226166
IN-00849,LEGAL_SUFFIX,SL019126,SL019126
IN-00850,MIXED,16815933,16815933
IN-00851,SPELLING,09039011,09039011
IN-00852,MIXED,11732281,11732281
IN-00853,TRANSLATION,10606425,10606425
IN-00854,MIXED,16237558,16237558
IN-00855,DOMAIN,15451115,15451115
IN-00856,LEGAL_SUFFIX,10237866,10237866
IN-00857,SPELLING,07536101,07536101
IN-00858,MIXED,SC598972,SC598972
IN-00859,SPELLING,07378333,07378333
IN-00860,ADDRESS,04862202,04862202
IN-00861,VAT,16908262,16908262
IN-00862,ADDRESS,10889984,10889984
IN-00863,MIXED,OC381093,OC381093
IN-00864,MIXED,04709421,04709421
IN-00865,ADDRESS,07104612,07104612
IN-00866,SPELLING,04575351,04575351
IN-00867,MIXED,13935416,13935416
IN-00868,SPELLING,11594546,11594546
IN-00869,NO_MATCH,,OE008362
IN-00870,VAT,11126878,11126878
IN-00871,NO_MATCH,,SC587934
IN-00872,ADDRESS,11402157,11402157
IN-00873,ADDRESS,13442352,13442352
IN-00874,NO_MATCH,,16330733
IN-00875,LEGAL_SUFFIX,08544800,08544800
IN-00876,ADDRESS,13433406,13433406
IN-00877,MIXED,11536942,11536942
IN-00878,NO_MATCH,,SC362302
IN-00879,DOMAIN,16709875,16709875
IN-00880,DOMAIN,13030153,13030153
IN-00881,DOMAIN,07093180,07093180
IN-00882,ADDRESS,12994037,12994037
IN-00883,MIXED,05875762,05875762
IN-00884,LEGAL_SUFFIX,07703599,07703599
IN-00885,SPELLING,17129973,17129973
IN-00886,VAT,13761129,13761129
IN-00887,MIXED,07573274,07573274
IN-00888,NO_MATCH,,11304112
IN-00889,LEGAL_SUFFIX,09752598,09752598
IN-00890,LEGAL_SUFFIX,08717915,08717915
IN-00891,MIXED,13598753,13598753
IN-00892,SPELLING,08886175,08886175
IN-00893,LEGAL_SUFFIX,03741779,03741779
IN-00894,ADDRESS,16840950,16840950
IN-00895,SPELLING,11824493,11824493
IN-00896,NO_MATCH,,16675985
IN-00897,TRANSLATION,11787404,11787404
IN-00898,SPELLING,16631089,16631089
IN-00899,NO_MATCH,,OE007046
IN-00900,NO_MATCH,,17389723
IN-00901,ADDRESS,13562239,13562239
IN-00902,LEGAL_SUFFIX,SC690328,SC690328
IN-00903,VAT,14523155,14523155
IN-00904,MIXED,16063839,16063839
IN-00905,LEGAL_SUFFIX,16506463,16506463
IN-00906,MIXED,13399496,13399496
IN-00907,VAT,01536888,01536888
IN-00908,SPELLING,15067600,15067600
IN-00909,MIXED,11590312,11590312
IN-00910,NO_MATCH,,13535805
IN-00911,NO_MATCH,,07052077
IN-00912,SPELLING,13298972,13298972
IN-00913,LEGAL_SUFFIX,08659917,08659917
IN-00914,ADDRESS,11680284,11680284
IN-00915,LEGAL_SUFFIX,14260411,14260411
IN-00916,SPELLING,07642862,07642862
IN-00917,MIXED,13735798,13735798
IN-00918,SPELLING,SC517189,SC517189
IN-00919,NO_MATCH,,12141582
IN-00920,LEGAL_SUFFIX,14215808,14215808
IN-00921,LEGAL_SUFFIX,12173108,12173108
IN-00922,MIXED,11106884,11106884
IN-00923,ADDRESS,12805040,12805040
IN-00924,NO_MATCH,,16441648
IN-00925,MIXED,04661575,04661575
IN-00926,MIXED,10188449,10188449
IN-00927,VAT,15081804,15081804
IN-00928,NO_MATCH,,17060282
IN-00929,MIXED,05208446,05208446
IN-00930,ADDRESS,16563435,16563435
IN-00931,MIXED,16315773,16315773
IN-00932,NO_MATCH,,16965706
IN-00933,MIXED,16705731,16705731
IN-00934,SPELLING,00890522,00890522
IN-00935,DOMAIN,14450742,14450742
IN-00936,SPELLING,15925425,15925425
IN-00937,SPELLING,17264793,17264793
IN-00938,LEGAL_SUFFIX,16017350,16017350
IN-00939,NO_MATCH,,14201307
IN-00940,LEGAL_SUFFIX,11134351,11134351
IN-00941,DOMAIN,16568864,16568864
IN-00942,ADDRESS,04042668,04042668
IN-00943,SPELLING,09144674,09144674
IN-00944,MIXED,12466899,12466899
IN-00945,VAT,15107124,15107124
IN-00946,LEGAL_SUFFIX,14028648,14028648
IN-00947,LEGAL_SUFFIX,14179495,14179495
IN-00948,SPELLING,07104612,07104612
IN-00949,MIXED,17204139,17204139
IN-00950,SPELLING,15062790,15062790
IN-00951,SPELLING,13071943,13071943
IN-00952,MIXED,16738517,16738517
IN-00953,LEGAL_SUFFIX,12377689,12377689
IN-00954,LEGAL_SUFFIX,07000882,07000882
IN-00955,DOMAIN,SL024951,SL024951
IN-00956,MIXED,03176577,03176577
IN-00957,ADDRESS,16661756,16661756
IN-00958,VAT,08330799,08330799
IN-00959,DOMAIN,16065798,16065798
IN-00960,LEGAL_SUFFIX,SC879786,SC879786
IN-00961,DOMAIN,16598171,16598171
IN-00962,VAT,13761088,13761088
IN-00963,VAT,16899186,16899186
IN-00964,DOMAIN,13712585,13712585
IN-00965,SPELLING,17202562,17202562
IN-00966,ADDRESS,16644032,16644032
IN-00967,ADDRESS,14803627,14803627
IN-00968,MIXED,09391434,09391434
IN-00969,SPELLING,13712585,13712585
IN-00970,NO_MATCH,,10442838
IN-00971,DOMAIN,11772626,11772626
IN-00972,ADDRESS,04845358,04845358
IN-00973,MIXED,10188449,10188449
IN-00974,MIXED,07458760,07458760
IN-00975,SPELLING,12928178,12928178
IN-00976,NO_MATCH,,05014834
IN-00977,NO_MATCH,,11887545
IN-00978,LEGAL_SUFFIX,14987976,14987976
IN-00979,DOMAIN,14429831,14429831
IN-00980,NO_MATCH,,02235952
IN-00981,LEGAL_SUFFIX,07908955,07908955
IN-00982,VAT,16065462,16065462
IN-00983,SPELLING,11227047,11227047
IN-00984,SPELLING,16857950,16857950
IN-00985,ADDRESS,SC449229,SC449229
IN-00986,SPELLING,09089477,09089477
IN-00987,SPELLING,13897114,13897114
IN-00988,DOMAIN,03489031,03489031
IN-00989,SPELLING,03409257,03409257
IN-00990,DOMAIN,02389868,02389868
IN-00991,DOMAIN,09795627,09795627
IN-00992,NO_MATCH,,13302640
IN-00993,SPELLING,04934927,04934927
IN-00994,DOMAIN,08899053,08899053
IN-00995,NO_MATCH,,09174173
IN-00996,VAT,05280462,05280462
IN-00997,MIXED,14514151,14514151
IN-00998,MIXED,16945964,16945964
IN-00999,ADDRESS,08938600,08938600
IN-01000,VAT,07573274,07573274
IN-01001,VAT,16713996,16713996
IN-01002,DOMAIN,13304518,13304518
IN-01003,MIXED,13399496,13399496
IN-01004,DOMAIN,16763850,16763850
IN-01005,DOMAIN,SC307347,SC307347
IN-01006,NO_MATCH,,17252699
IN-01007,LEGAL_SUFFIX,10873973,10873973
IN-01008,SPELLING,14642017,14642017
IN-01009,TRANSLATION,09425813,09425813
IN-01010,MIXED,SC481212,SC481212
IN-01011,LEGAL_SUFFIX,12478967,12478967
IN-01012,ADDRESS,11437301,11437301
IN-01013,SPELLING,SC566638,SC566638
IN-01014,LEGAL_SUFFIX,15556385,15556385
IN-01015,NO_MATCH,,16090822
IN-01016,SPELLING,NI616234,NI616234
IN-01017,ADDRESS,04860295,04860295
IN-01018,LEGAL_SUFFIX,15129110,15129110
IN-01019,LEGAL_SUFFIX,07143265,07143265
IN-01020,NO_MATCH,,15398335
IN-01021,MIXED,03241468,03241468
IN-01022,LEGAL_SUFFIX,16548977,16548977
IN-01023,NO_MATCH,,15945774
IN-01024,NO_MATCH,,16288678
IN-01025,ADDRESS,17047488,17047488
IN-01026,DOMAIN,17108001,17108001
IN-01027,LEGAL_SUFFIX,11198946,11198946
IN-01028,LEGAL_SUFFIX,17170196,17170196
IN-01029,VAT,17415737,17415737
IN-01030,SPELLING,05995947,05995947
IN-01031,SPELLING,17112001,17112001
IN-01032,ADDRESS,09089477,09089477
IN-01033,LEGAL_SUFFIX,03176577,03176577
IN-01034,DOMAIN,14377636,14377636
IN-01035,MIXED,15629708,15629708
IN-01036,MIXED,16452228,16452228
IN-01037,MIXED,08098553,08098553
IN-01038,SPELLING,09825782,09825782
IN-01039,DOMAIN,16517572,16517572
IN-01040,SPELLING,03653457,03653457
IN-01041,SPELLING,09970003,09970003
IN-01042,LEGAL_SUFFIX,14500102,14500102
IN-01043,MIXED,11438171,11438171
IN-01044,MIXED,07391262,07391262
IN-01045,NO_MATCH,,17257670
IN-01046,VAT,11957899,11957899
IN-01047,NO_MATCH,,12563172
IN-01048,VAT,07705576,07705576
IN-01049,NO_MATCH,,14281258
IN-01050,VAT,13000797,13000797
IN-01051,LEGAL_SUFFIX,10219908,10219908
IN-01052,LEGAL_SUFFIX,09970003,09970003
IN-01053,ADDRESS,12408960,12408960
IN-01054,NO_MATCH,,12810517
IN-01055,ADDRESS,13551478,13551478
IN-01056,NO_MATCH,,15759242
IN-01057,LEGAL_SUFFIX,09391434,09391434
IN-01058,LEGAL_SUFFIX,13683645,13683645
IN-01059,DOMAIN,11389089,11389089
IN-01060,ADDRESS,12652800,12652800
IN-01061,ADDRESS,13619335,13619335
IN-01062,ADDRESS,16638187,16638187
IN-01063,VAT,06773662,06773662
IN-01064,LEGAL_SUFFIX,SC616743,SC616743
IN-01065,ADDRESS,15814583,15814583
IN-01066,NO_MATCH,,15954139
IN-01067,LEGAL_SUFFIX,11655087,11655087
IN-01068,NO_MATCH,,16771836
IN-01069,MIXED,12438104,12438104
IN-01070,VAT,16565553,16565553
IN-01071,ADDRESS,NI616234,NI616234
IN-01072,ADDRESS,08489080,08489080
IN-01073,SPELLING,16438860,16438860
IN-01074,VAT,16315909,16315909
IN-01075,SPELLING,10517749,10517749
IN-01076,VAT,03180310,03180310
IN-01077,SPELLING,01941820,01941820
IN-01078,LEGAL_SUFFIX,15974393,15974393
IN-01079,NO_MATCH,,17420102
IN-01080,LEGAL_SUFFIX,07134619,07134619
IN-01081,SPELLING,SC692874,SC692874
IN-01082,DOMAIN,15799945,15799945
IN-01083,VAT,16676993,16676993
IN-01084,LEGAL_SUFFIX,13525093,13525093
IN-01085,LEGAL_SUFFIX,NI041018,NI041018
IN-01086,VAT,14097016,14097016
IN-01087,TRANSLATION,01999925,01999925
IN-01088,SPELLING,16340724,16340724
IN-01089,SPELLING,17181913,17181913
IN-01090,LEGAL_SUFFIX,12652800,12652800
IN-01091,DOMAIN,09743643,09743643
IN-01092,SPELLING,16513529,16513529
IN-01093,LEGAL_SUFFIX,16086238,16086238
IN-01094,MIXED,15453203,15453203
IN-01095,DOMAIN,SC874177,SC874177
IN-01096,LEGAL_SUFFIX,06827997,06827997
IN-01097,LEGAL_SUFFIX,16705021,16705021
IN-01098,NO_MATCH,,12004438
IN-01099,LEGAL_SUFFIX,NI724476,NI724476
IN-01100,MIXED,13398633,13398633
IN-01101,MIXED,17415140,17415140
IN-01102,VAT,10975753,10975753
IN-01103,MIXED,06284746,06284746
IN-01104,NO_MATCH,,09528003
IN-01105,SPELLING,08888037,08888037
IN-01106,VAT,07577588,07577588
IN-01107,MIXED,17306974,17306974
IN-01108,MIXED,11019598,11019598
IN-01109,LEGAL_SUFFIX,16719815,16719815
IN-01110,LEGAL_SUFFIX,10235633,10235633
IN-01111,SPELLING,03096708,03096708
IN-01112,MIXED,07534494,07534494
IN-01113,DOMAIN,10103915,10103915
IN-01114,MIXED,08343818,08343818
IN-01115,SPELLING,15978896,15978896
IN-01116,SPELLING,06827997,06827997
IN-01117,SPELLING,17290576,17290576
IN-01118,DOMAIN,11641056,11641056
IN-01119,DOMAIN,NI734828,NI734828
IN-01120,NO_MATCH,,17412773
IN-01121,DOMAIN,17204139,17204139
IN-01122,DOMAIN,12297591,12297591
IN-01123,NO_MATCH,,12068614
IN-01124,MIXED,14860685,14860685
IN-01125,LEGAL_SUFFIX,03241468,03241468
IN-01126,LEGAL_SUFFIX,16934892,16934892
IN-01127,SPELLING,11513046,11513046
IN-01128,LEGAL_SUFFIX,14513863,14513863
IN-01129,VAT,16378380,16378380
IN-01130,ADDRESS,12165172,12165172
IN-01131,SPELLING,12627237,12627237
IN-01132,ADDRESS,13396950,13396950
IN-01133,SPELLING,15234694,15234694
IN-01134,VAT,11641056,11641056
IN-01135,DOMAIN,05068083,05068083
IN-01136,SPELLING,13032025,13032025
IN-01137,MIXED,13127697,13127697
IN-01138,ADDRESS,06882915,06882915
IN-01139,ADDRESS,03529133,03529133
IN-01140,LEGAL_SUFFIX,16999720,16999720
IN-01141,SPELLING,17279126,17279126
IN-01142,NO_MATCH,,NI675046
IN-01143,LEGAL_SUFFIX,OE033277,OE033277
IN-01144,DOMAIN,17198906,17198906
IN-01145,SPELLING,13761088,13761088
IN-01146,ADDRESS,15556385,15556385
IN-01147,SPELLING,14772035,14772035
IN-01148,DOMAIN,09144674,09144674
IN-01149,NO_MATCH,,14597735
IN-01150,ADDRESS,10405974,10405974
IN-01151,SPELLING,LP004901,LP004901
IN-01152,NO_MATCH,,10801181
IN-01153,SPELLING,14253758,14253758
IN-01154,LEGAL_SUFFIX,12005419,12005419
IN-01155,ADDRESS,SC566638,SC566638
IN-01156,SPELLING,NI041018,NI041018
IN-01157,MIXED,13256649,13256649
IN-01158,DOMAIN,07688511,07688511
IN-01159,DOMAIN,12105297,12105297
IN-01160,NO_MATCH,,00478890
IN-01161,MIXED,11892359,11892359
IN-01162,LEGAL_SUFFIX,16489300,16489300
IN-01163,LEGAL_SUFFIX,04143457,04143457
IN-01164,NO_MATCH,,17249731
IN-01165,DOMAIN,10436738,10436738
IN-01166,NO_MATCH,,12328000
IN-01167,MIXED,16851270,16851270
IN-01168,LEGAL_SUFFIX,02214890,02214890
IN-01169,MIXED,13213857,13213857
IN-01170,VAT,11198946,11198946
IN-01171,DOMAIN,09216204,09216204
IN-01172,TRANSLATION,08482725,08482725
IN-01173,ADDRESS,16947229,16947229
IN-01174,ADDRESS,09701677,09701677
IN-01175,VAT,16515436,16515436
IN-01176,LEGAL_SUFFIX,15711371,15711371
IN-01177,SPELLING,11516841,11516841
IN-01178,MIXED,05238222,05238222
IN-01179,DOMAIN,SC307347,SC307347
IN-01180,VAT,12454773,12454773
IN-01181,DOMAIN,SC694835,SC694835
IN-01182,ADDRESS,07920667,07920667
IN-01183,LEGAL_SUFFIX,16631089,16631089
IN-01184,SPELLING,10237866,10237866
IN-01185,NO_MATCH,,05099481
IN-01186,MIXED,16679276,16679276
IN-01187,LEGAL_SUFFIX,15234741,15234741
IN-01188,SPELLING,NI743353,NI743353
IN-01189,ADDRESS,16042319,16042319
IN-01190,DOMAIN,09301077,09301077
IN-01191,VAT,07754823,07754823
IN-01192,SPELLING,15974393,15974393
IN-01193,LEGAL_SUFFIX,13850679,13850679
IN-01194,DOMAIN,14896088,14896088
IN-01195,LEGAL_SUFFIX,OE008264,OE008264
IN-01196,LEGAL_SUFFIX,10101644,10101644
IN-01197,SPELLING,15511370,15511370
IN-01198,SPELLING,14622751,14622751
IN-01199,SPELLING,14978639,14978639
IN-01200,MIXED,15437433,15437433
IN-01201,DOMAIN,SC307347,SC307347
IN-01202,LEGAL_SUFFIX,12386160,12386160
IN-01203,SPELLING,13304518,13304518
IN-01204,MIXED,15011718,15011718
IN-01205,DOMAIN,04662351,04662351
IN-01206,MIXED,16758294,16758294
IN-01207,LEGAL_SUFFIX,17297214,17297214
IN-01208,MIXED,11054652,11054652
IN-01209,ADDRESS,15442774,15442774
IN-01210,LEGAL_SUFFIX,07765165,07765165
IN-01211,SPELLING,10974879,10974879
IN-01212,ADDRESS,16926436,16926436
IN-01213,SPELLING,14615414,14615414
IN-01214,VAT,15957452,15957452
IN-01215,LEGAL_SUFFIX,13418621,13418621
IN-01216,ADDRESS,09122505,09122505
IN-01217,VAT,10381285,10381285
IN-01218,LEGAL_SUFFIX,10489750,10489750
IN-01219,VAT,12205281,12205281
IN-01220,MIXED,16919644,16919644
IN-01221,LEGAL_SUFFIX,11405298,11405298
IN-01222,VAT,17210538,17210538
IN-01223,SPELLING,12438104,12438104
IN-01224,NO_MATCH,,NI044455
IN-01225,LEGAL_SUFFIX,14063355,14063355
IN-01226,VAT,10436738,10436738
IN-01227,MIXED,14070087,14070087
IN-01228,LEGAL_SUFFIX,04080131,04080131
IN-01229,SPELLING,12797950,12797950
IN-01230,ADDRESS,03467467,03467467
IN-01231,MIXED,SC823013,SC823013
IN-01232,ADDRESS,05347625,05347625
IN-01233,LEGAL_SUFFIX,09690151,09690151
IN-01234,VAT,14260411,14260411
IN-01235,ADDRESS,05208446,05208446
IN-01236,SPELLING,10629155,10629155
IN-01237,NO_MATCH,,15422378
IN-01238,LEGAL_SUFFIX,10551694,10551694
IN-01239,ADDRESS,04617402,04617402
IN-01240,SPELLING,08193229,08193229
IN-01241,NO_MATCH,,17076838
IN-01242,ADDRESS,05159325,05159325
IN-01243,LEGAL_SUFFIX,15820476,15820476
IN-01244,DOMAIN,17207546,17207546
IN-01245,SPELLING,10460241,10460241
IN-01246,DOMAIN,13698493,13698493
IN-01247,ADDRESS,09506847,09506847
IN-01248,LEGAL_SUFFIX,15062790,15062790
IN-01249,NO_MATCH,,11319435
IN-01250,VAT,17155813,17155813
IN-01251,SPELLING,08365021,08365021
IN-01252,ADDRESS,16424791,16424791
IN-01253,LEGAL_SUFFIX,09582438,09582438
IN-01254,LEGAL_SUFFIX,15121835,15121835
IN-01255,MIXED,15571661,15571661
IN-01256,SPELLING,13965652,13965652
IN-01257,DOMAIN,15866418,15866418
IN-01258,SPELLING,07779974,07779974
IN-01259,MIXED,16744183,16744183
IN-01260,LEGAL_SUFFIX,04575351,04575351
IN-01261,MIXED,10367751,10367751
IN-01262,LEGAL_SUFFIX,12899962,12899962
IN-01263,MIXED,11536942,11536942
IN-01264,VAT,09880835,09880835
IN-01265,ADDRESS,15459920,15459920
IN-01266,LEGAL_SUFFIX,14253758,14253758
IN-01267,NO_MATCH,,16966769
IN-01268,DOMAIN,06663380,06663380
IN-01269,SPELLING,16116304,16116304
IN-01270,ADDRESS,10650893,10650893
IN-01271,LEGAL_SUFFIX,01609400,01609400
IN-01272,ADDRESS,02178083,02178083
IN-01273,ADDRESS,04535185,04535185
IN-01274,LEGAL_SUFFIX,NI743353,NI743353
IN-01275,LEGAL_SUFFIX,10662289,10662289
IN-01276,LEGAL_SUFFIX,17217769,17217769
IN-01277,VAT,12642551,12642551
IN-01278,MIXED,02028024,02028024
IN-01279,MIXED,11786168,11786168
IN-01280,SPELLING,00890522,00890522
IN-01281,DOMAIN,05445423,05445423
IN-01282,LEGAL_SUFFIX,16716819,16716819
IN-01283,LEGAL_SUFFIX,16709018,16709018
IN-01284,MIXED,14599688,14599688
IN-01285,ADDRESS,03903244,03903244
IN-01286,DOMAIN,16532466,16532466
IN-01287,MIXED,01705794,01705794
IN-01288,NO_MATCH,,12328000
IN-01289,VAT,08886175,08886175
IN-01290,NO_MATCH,,13678381
IN-01291,NO_MATCH,,15759242
IN-01292,DOMAIN,08735537,08735537
IN-01293,LEGAL_SUFFIX,05864406,05864406
IN-01294,LEGAL_SUFFIX,10167802,10167802
IN-01295,ADDRESS,15974393,15974393
IN-01296,SPELLING,11989876,11989876
IN-01297,ADDRESS,16050650,16050650
IN-01298,LEGAL_SUFFIX,14285506,14285506
IN-01299,SPELLING,16705021,16705021
IN-01300,SPELLING,12428395,12428395
IN-01301,MIXED,14832774,14832774
IN-01302,VAT,15239646,15239646
IN-01303,VAT,03054825,03054825
IN-01304,SPELLING,SC517189,SC517189
IN-01305,SPELLING,10426155,10426155
IN-01306,MIXED,09174724,09174724
IN-01307,DOMAIN,17054779,17054779
IN-01308,SPELLING,16908284,16908284
IN-01309,NO_MATCH,,10616620
IN-01310,SPELLING,10103915,10103915
IN-01311,VAT,08222122,08222122
IN-01312,MIXED,15879273,15879273
IN-01313,LEGAL_SUFFIX,03054825,03054825
IN-01314,LEGAL_SUFFIX,16042319,16042319
IN-01315,ADDRESS,SC629497,SC629497
IN-01316,LEGAL_SUFFIX,08092228,08092228
IN-01317,NO_MATCH,,03068102
IN-01318,MIXED,16805003,16805003
IN-01319,LEGAL_SUFFIX,01130143,01130143
IN-01320,ADDRESS,16302605,16302605
IN-01321,SPELLING,04661575,04661575
IN-01322,SPELLING,16788982,16788982
IN-01323,MIXED,01095121,01095121
IN-01324,ADDRESS,10667902,10667902
IN-01325,ADDRESS,08899053,08899053
IN-01326,LEGAL_SUFFIX,12949662,12949662
IN-01327,TRANSLATION,02448830,02448830
IN-01328,NO_MATCH,,14587615
IN-01329,NO_MATCH,,16874665
IN-01330,SPELLING,16696318,16696318
IN-01331,ADDRESS,13634874,13634874
IN-01332,ADDRESS,04614896,04614896
IN-01333,VAT,05608487,05608487
IN-01334,SPELLING,06372033,06372033
IN-01335,VAT,12895788,12895788
IN-01336,LEGAL_SUFFIX,07052642,07052642
IN-01337,SPELLING,07766163,07766163
IN-01338,DOMAIN,15755775,15755775
IN-01339,MIXED,11398211,11398211
IN-01340,VAT,08739577,08739577
IN-01341,SPELLING,14450742,14450742
IN-01342,LEGAL_SUFFIX,11320529,11320529
IN-01343,SPELLING,13319573,13319573
IN-01344,NO_MATCH,,12064526
IN-01345,VAT,04181224,04181224
IN-01346,TRANSLATION,14871871,14871871
IN-01347,MIXED,12097868,12097868
IN-01348,VAT,09825782,09825782
IN-01349,VAT,14584211,14584211
IN-01350,MIXED,SL033361,SL033361
IN-01351,MIXED,16940925,16940925
IN-01352,ADDRESS,14881973,14881973
IN-01353,LEGAL_SUFFIX,02178083,02178083
IN-01354,ADDRESS,SL013892,SL013892
IN-01355,NO_MATCH,,12965886
IN-01356,DOMAIN,10650893,10650893
IN-01357,DOMAIN,08735537,08735537
IN-01358,DOMAIN,06347053,06347053
IN-01359,VAT,16297252,16297252
IN-01360,DOMAIN,12277572,12277572
IN-01361,DOMAIN,13900607,13900607
IN-01362,VAT,02772677,02772677
IN-01363,NO_MATCH,,15759242
IN-01364,LEGAL_SUFFIX,13213857,13213857
IN-01365,LEGAL_SUFFIX,15762198,15762198
IN-01366,ADDRESS,16237558,16237558
IN-01367,VAT,06682327,06682327
IN-01368,NO_MATCH,,SC530290
IN-01369,MIXED,16086238,16086238
IN-01370,LEGAL_SUFFIX,SC893094,SC893094
IN-01371,LEGAL_SUFFIX,03211544,03211544
IN-01372,SPELLING,04617402,04617402
IN-01373,SPELLING,LP013567,LP013567
IN-01374,DOMAIN,14630740,14630740
IN-01375,DOMAIN,13451879,13451879
IN-01376,SPELLING,08652845,08652845
IN-01377,VAT,OC416334,OC416334
IN-01378,VAT,09514594,09514594
IN-01379,LEGAL_SUFFIX,09139188,09139188
IN-01380,LEGAL_SUFFIX,04489879,04489879
IN-01381,NO_MATCH,,01067862
IN-01382,SPELLING,16517572,16517572
IN-01383,MIXED,13601969,13601969
IN-01384,MIXED,14659771,14659771
IN-01385,NO_MATCH,,06462638
IN-01386,LEGAL_SUFFIX,10525875,10525875
IN-01387,DOMAIN,10934321,10934321
IN-01388,VAT,03530992,03530992
IN-01389,MIXED,05445423,05445423
IN-01390,SPELLING,16897479,16897479
IN-01391,LEGAL_SUFFIX,04294922,04294922
IN-01392,SPELLING,06773662,06773662
IN-01393,LEGAL_SUFFIX,13859918,13859918
IN-01394,SPELLING,NI732051,NI732051
IN-01395,TRANSLATION,03844702,03844702
IN-01396,MIXED,04158937,04158937
IN-01397,MIXED,SC391549,SC391549
IN-01398,DOMAIN,04689013,04689013
IN-01399,SPELLING,13562239,13562239
IN-01400,LEGAL_SUFFIX,12574924,12574924
IN-01401,NO_MATCH,,16064336
IN-01402,NO_MATCH,,16138332
IN-01403,SPELLING,13914342,13914342
IN-01404,VAT,16349473,16349473
IN-01405,MIXED,04989112,04989112
IN-01406,LEGAL_SUFFIX,17338537,17338537
IN-01407,LEGAL_SUFFIX,13451879,13451879
IN-01408,NO_MATCH,,17061389
IN-01409,LEGAL_SUFFIX,16489300,16489300
IN-01410,MIXED,SC648306,SC648306
IN-01411,NO_MATCH,,16546964
IN-01412,SPELLING,11786168,11786168
IN-01413,NO_MATCH,,17378831
IN-01414,DOMAIN,07564744,07564744
IN-01415,NO_MATCH,,05561316
IN-01416,ADDRESS,16841659,16841659
IN-01417,MIXED,13646220,13646220
IN-01418,DOMAIN,16155303,16155303
IN-01419,MIXED,09889524,09889524
IN-01420,ADDRESS,OE035186,OE035186
IN-01421,LEGAL_SUFFIX,12920800,12920800
IN-01422,DOMAIN,17000068,17000068
IN-01423,LEGAL_SUFFIX,08652845,08652845
IN-01424,VAT,17040691,17040691
IN-01425,MIXED,10657423,10657423
IN-01426,DOMAIN,12890235,12890235
IN-01427,ADDRESS,SC568922,SC568922
IN-01428,ADDRESS,15159776,15159776
IN-01429,SPELLING,15279776,15279776
IN-01430,VAT,15032519,15032519
IN-01431,MIXED,SC604400,SC604400
IN-01432,SPELLING,01579794,01579794
IN-01433,ADDRESS,16266874,16266874
IN-01434,ADDRESS,17428283,17428283
IN-01435,SPELLING,12466899,12466899
IN-01436,DOMAIN,15970407,15970407
IN-01437,NO_MATCH,,16502870
IN-01438,DOMAIN,16558072,16558072
IN-01439,DOMAIN,12312790,12312790
IN-01440,MIXED,08338291,08338291
IN-01441,VAT,16155303,16155303
IN-01442,LEGAL_SUFFIX,11641056,11641056
IN-01443,ADDRESS,NI735440,NI735440
IN-01444,SPELLING,15845611,15845611
IN-01445,NO_MATCH,,03245789
IN-01446,VAT,10735910,10735910
IN-01447,MIXED,15814721,15814721
IN-01448,MIXED,OC362206,OC362206
IN-01449,MIXED,09396640,09396640
IN-01450,LEGAL_SUFFIX,11460552,11460552
IN-01451,SPELLING,16726093,16726093
IN-01452,VAT,14630740,14630740
IN-01453,NO_MATCH,,15313157
IN-01454,SPELLING,15426186,15426186
IN-01455,ADDRESS,16995496,16995496
IN-01456,MIXED,14043649,14043649
IN-01457,LEGAL_SUFFIX,16935176,16935176
IN-01458,MIXED,13065809,13065809
IN-01459,LEGAL_SUFFIX,05916072,05916072
IN-01460,MIXED,14123038,14123038
IN-01461,ADDRESS,12043014,12043014
IN-01462,NO_MATCH,,17378831
IN-01463,NO_MATCH,,05556277
IN-01464,TRANSLATION,05469785,05469785
IN-01465,DOMAIN,16416788,16416788
IN-01466,NO_MATCH,,16064336
IN-01467,MIXED,15459920,15459920
IN-01468,VAT,14585081,14585081
IN-01469,VAT,16277608,16277608
IN-01470,DOMAIN,NI037734,NI037734
IN-01471,ADDRESS,06847434,06847434
IN-01472,LEGAL_SUFFIX,16935711,16935711
IN-01473,ADDRESS,16836984,16836984
IN-01474,SPELLING,16117962,16117962
IN-01475,LEGAL_SUFFIX,10877600,10877600
IN-01476,VAT,15906857,15906857
IN-01477,VAT,14000890,14000890
IN-01478,SPELLING,16511326,16511326
IN-01479,NO_MATCH,,17324817
IN-01480,MIXED,SC883133,SC883133
IN-01481,LEGAL_SUFFIX,11930329,11930329
IN-01482,DOMAIN,13215214,13215214
IN-01483,MIXED,06665727,06665727
IN-01484,DOMAIN,SL023513,SL023513
IN-01485,MIXED,15234694,15234694
IN-01486,MIXED,17047214,17047214
IN-01487,NO_MATCH,,OE005862
IN-01488,DOMAIN,SC735258,SC735258
IN-01489,NO_MATCH,,17191332
IN-01490,VAT,06677911,06677911
IN-01491,MIXED,05539587,05539587
IN-01492,SPELLING,SC874177,SC874177
IN-01493,SPELLING,08544800,08544800
IN-01494,SPELLING,09039011,09039011
IN-01495,MIXED,15422984,15422984
IN-01496,MIXED,09913729,09913729
IN-01497,ADDRESS,16956147,16956147
IN-01498,MIXED,10523411,10523411
IN-01499,ADDRESS,08938600,08938600
IN-01500,MIXED,12642551,12642551
IN-01501,DOMAIN,12475458,12475458
IN-01502,DOMAIN,16183983,16183983
IN-01503,NO_MATCH,,06805277
IN-01504,MIXED,15755775,15755775
IN-01505,VAT,15814583,15814583
IN-01506,TRANSLATION,17139143,17139143
IN-01507,TRANSLATION,07536101,07536101
IN-01508,VAT,13396950,13396950
IN-01509,MIXED,14028271,14028271
IN-01510,LEGAL_SUFFIX,02913142,02913142
IN-01511,MIXED,15282869,15282869
IN-01512,LEGAL_SUFFIX,10247091,10247091
IN-01513,NO_MATCH,,10369063
IN-01514,DOMAIN,10381285,10381285
IN-01515,ADDRESS,16389444,16389444
IN-01516,LEGAL_SUFFIX,10735910,10735910
IN-01517,LEGAL_SUFFIX,SL024599,SL024599
IN-01518,VAT,14862126,14862126
IN-01519,NO_MATCH,,OC350269
IN-01520,MIXED,00665344,00665344
IN-01521,MIXED,09396640,09396640
IN-01522,ADDRESS,15052994,15052994
IN-01523,VAT,11374699,11374699
IN-01524,LEGAL_SUFFIX,15955997,15955997
IN-01525,SPELLING,17164111,17164111
IN-01526,MIXED,05655521,05655521
IN-01527,ADDRESS,SC708389,SC708389
IN-01528,ADDRESS,14399963,14399963
IN-01529,MIXED,07739992,07739992
IN-01530,NO_MATCH,,05099481
IN-01531,NO_MATCH,,16794377
IN-01532,TRANSLATION,12774295,12774295
IN-01533,SPELLING,12633305,12633305
IN-01534,DOMAIN,05539587,05539587
IN-01535,LEGAL_SUFFIX,09356208,09356208
IN-01536,NO_MATCH,,SC530290
IN-01537,NO_MATCH,,03245789
IN-01538,SPELLING,11560843,11560843
IN-01539,SPELLING,16500684,16500684
IN-01540,MIXED,13263972,13263972
IN-01541,DOMAIN,14250170,14250170
IN-01542,SPELLING,16116165,16116165
IN-01543,MIXED,17139143,17139143
IN-01544,TRANSLATION,07788167,07788167
IN-01545,NO_MATCH,,11246490
IN-01546,LEGAL_SUFFIX,04143457,04143457
IN-01547,LEGAL_SUFFIX,16699255,16699255
IN-01548,SPELLING,04112024,04112024
IN-01549,ADDRESS,07134619,07134619
IN-01550,MIXED,09056375,09056375
IN-01551,ADDRESS,16595602,16595602
IN-01552,DOMAIN,15895125,15895125
IN-01553,LEGAL_SUFFIX,02064183,02064183
IN-01554,LEGAL_SUFFIX,16340702,16340702
IN-01555,VAT,17192675,17192675
IN-01556,SPELLING,06284746,06284746
IN-01557,SPELLING,16309568,16309568
IN-01558,LEGAL_SUFFIX,11003834,11003834
IN-01559,DOMAIN,15896127,15896127
IN-01560,SPELLING,09530189,09530189
IN-01561,MIXED,16202343,16202343
IN-01562,LEGAL_SUFFIX,12393592,12393592
IN-01563,LEGAL_SUFFIX,16498258,16498258
IN-01564,LEGAL_SUFFIX,16135386,16135386
IN-01565,VAT,09227911,09227911
IN-01566,VAT,17400810,17400810
IN-01567,VAT,14584211,14584211
IN-01568,ADDRESS,SC522834,SC522834
IN-01569,VAT,10152412,10152412
IN-01570,SPELLING,16824093,16824093
IN-01571,NO_MATCH,,02235952
IN-01572,DOMAIN,00641562,00641562
IN-01573,ADDRESS,17333083,17333083
IN-01574,SPELLING,13844079,13844079
IN-01575,MIXED,16926436,16926436
IN-01576,MIXED,02389868,02389868
IN-01577,DOMAIN,05238222,05238222
IN-01578,ADDRESS,09818976,09818976
IN-01579,ADDRESS,12652800,12652800
IN-01580,LEGAL_SUFFIX,10101644,10101644
IN-01581,DOMAIN,11134351,11134351
IN-01582,SPELLING,14368792,14368792
IN-01583,SPELLING,05536404,05536404
IN-01584,LEGAL_SUFFIX,13859918,13859918
IN-01585,ADDRESS,13700221,13700221
IN-01586,ADDRESS,13535676,13535676
IN-01587,VAT,05608487,05608487
IN-01588,MIXED,SC598972,SC598972
IN-01589,SPELLING,NI692663,NI692663
IN-01590,VAT,16955854,16955854
IN-01591,VAT,09484211,09484211
IN-01592,LEGAL_SUFFIX,15972581,15972581
IN-01593,NO_MATCH,,04735430
IN-01594,SPELLING,13088611,13088611
IN-01595,NO_MATCH,,03443642
IN-01596,NO_MATCH,,13234433
IN-01597,ADDRESS,SC205856,SC205856
IN-01598,MIXED,16815933,16815933
IN-01599,VAT,10834865,10834865
IN-01600,ADDRESS,SC648306,SC648306
IN-01601,MIXED,11566123,11566123
IN-01602,SPELLING,11700744,11700744
IN-01603,MIXED,13472548,13472548
IN-01604,SPELLING,10460241,10460241
IN-01605,MIXED,15764451,15764451
IN-01606,VAT,11700744,11700744
IN-01607,ADDRESS,03865130,03865130
IN-01608,SPELLING,14204257,14204257
IN-01609,LEGAL_SUFFIX,10827111,10827111
IN-01610,MIXED,05394635,05394635
IN-01611,LEGAL_SUFFIX,16262111,16262111
IN-01612,NO_MATCH,,OE007046
IN-01613,MIXED,15845604,15845604
IN-01614,MIXED,16297252,16297252
IN-01615,LEGAL_SUFFIX,09029423,09029423
IN-01616,NO_MATCH,,10756632
IN-01617,DOMAIN,14580183,14580183
IN-01618,DOMAIN,16219945,16219945
IN-01619,VAT,17415577,17415577
IN-01620,DOMAIN,07585388,07585388
IN-01621,SPELLING,15415724,15415724
IN-01622,ADDRESS,06682327,06682327
IN-01623,NO_MATCH,,16450885
IN-01624,NO_MATCH,,FC028334
IN-01625,SPELLING,08011331,08011331
IN-01626,SPELLING,OE001623,OE001623
IN-01627,SPELLING,17414809,17414809
IN-01628,LEGAL_SUFFIX,SC806984,SC806984
IN-01629,DOMAIN,SC666336,SC666336
IN-01630,SPELLING,16275598,16275598
IN-01631,SPELLING,03054825,03054825
IN-01632,SPELLING,13032025,13032025
IN-01633,NO_MATCH,,13762961
IN-01634,ADDRESS,08482725,08482725
IN-01635,NO_MATCH,,15422378
IN-01636,SPELLING,16383513,16383513
IN-01637,MIXED,SC566638,SC566638
IN-01638,TRANSLATION,14500102,14500102
IN-01639,ADDRESS,11130007,11130007
IN-01640,SPELLING,10208014,10208014
IN-01641,SPELLING,03143479,03143479
IN-01642,NO_MATCH,,05163998
IN-01643,VAT,04899270,04899270
IN-01644,ADDRESS,09567896,09567896
IN-01645,DOMAIN,10427670,10427670
IN-01646,ADDRESS,07656061,07656061
IN-01647,ADDRESS,NI042546,NI042546
IN-01648,NO_MATCH,,15753948
IN-01649,SPELLING,11229238,11229238
IN-01650,LEGAL_SUFFIX,10657423,10657423
IN-01651,LEGAL_SUFFIX,16679276,16679276
IN-01652,SPELLING,09172698,09172698
IN-01653,NO_MATCH,,13924372
IN-01654,ADDRESS,14585081,14585081
IN-01655,MIXED,07766163,07766163
IN-01656,SPELLING,05398643,05398643
IN-01657,VAT,16398220,16398220
IN-01658,SPELLING,11514421,11514421
IN-01659,DOMAIN,17061133,17061133
IN-01660,ADDRESS,10049754,10049754
IN-01661,SPELLING,11229238,11229238
IN-01662,VAT,12327468,12327468
IN-01663,SPELLING,02772677,02772677
IN-01664,MIXED,12895788,12895788
IN-01665,LEGAL_SUFFIX,16265187,16265187
IN-01666,DOMAIN,17270580,17270580
IN-01667,MIXED,13921242,13921242
IN-01668,VAT,07468359,07468359
IN-01669,MIXED,11328775,11328775
IN-01670,MIXED,15052994,15052994
IN-01671,DOMAIN,14684783,14684783
IN-01672,MIXED,04041708,04041708
IN-01673,LEGAL_SUFFIX,11219183,11219183
IN-01674,VAT,10551694,10551694
IN-01675,VAT,16797023,16797023
IN-01676,VAT,17179086,17179086
IN-01677,VAT,09752598,09752598
IN-01678,DOMAIN,10227049,10227049
IN-01679,ADDRESS,13683645,13683645
IN-01680,ADDRESS,15296628,15296628
IN-01681,NO_MATCH,,16675985
IN-01682,SPELLING,10301674,10301674
IN-01683,MIXED,17254343,17254343
IN-01684,LEGAL_SUFFIX,15384009,15384009
IN-01685,SPELLING,15862919,15862919
IN-01686,VAT,07392994,07392994
IN-01687,LEGAL_SUFFIX,17129538,17129538
IN-01688,MIXED,07187372,07187372
IN-01689,SPELLING,12101555,12101555
IN-01690,DOMAIN,17192675,17192675
IN-01691,MIXED,14860685,14860685
IN-01692,DOMAIN,12438104,12438104
IN-01693,TRANSLATION,04624795,04624795
IN-01694,NO_MATCH,,12965886
IN-01695,LEGAL_SUFFIX,15548593,15548593
IN-01696,ADDRESS,13840953,13840953
IN-01697,MIXED,13791947,13791947
IN-01698,MIXED,09802230,09802230
IN-01699,SPELLING,12218441,12218441
IN-01700,MIXED,11585542,11585542
IN-01701,SPELLING,09216204,09216204
IN-01702,SPELLING,17254410,17254410
IN-01703,LEGAL_SUFFIX,03869401,03869401
IN-01704,ADDRESS,03003108,03003108
IN-01705,NO_MATCH,,16874665
IN-01706,NO_MATCH,,14597735
IN-01707,MIXED,07564744,07564744
IN-01708,NO_MATCH,,07898626
IN-01709,LEGAL_SUFFIX,03903244,03903244
IN-01710,ADDRESS,06665727,06665727
IN-01711,ADDRESS,16873814,16873814
IN-01712,MIXED,11930329,11930329
IN-01713,LEGAL_SUFFIX,16358577,16358577
IN-01714,SPELLING,15112963,15112963
IN-01715,MIXED,12097868,12097868
IN-01716,SPELLING,16713996,16713996
IN-01717,SPELLING,12892882,12892882
IN-01718,MIXED,02064183,02064183
IN-01719,LEGAL_SUFFIX,09216204,09216204
IN-01720,MIXED,SC820669,SC820669
IN-01721,NO_MATCH,,13903734
IN-01722,SPELLING,04862202,04862202
IN-01723,MIXED,12310024,12310024
IN-01724,SPELLING,16938370,16938370
IN-01725,NO_MATCH,,15954139
IN-01726,VAT,15406922,15406922
IN-01727,ADDRESS,05916072,05916072
IN-01728,SPELLING,09825782,09825782
IN-01729,SPELLING,07326231,07326231
IN-01730,NO_MATCH,,13535805
IN-01731,NO_MATCH,,01503441
IN-01732,LEGAL_SUFFIX,12871940,12871940
IN-01733,MIXED,11328775,11328775
IN-01734,SPELLING,09530189,09530189
IN-01735,ADDRESS,15762198,15762198
IN-01736,VAT,09530189,09530189
IN-01737,SPELLING,11318623,11318623
IN-01738,ADDRESS,16265187,16265187
IN-01739,MIXED,15882664,15882664
IN-01740,SPELLING,16564685,16564685
IN-01741,SPELLING,15955997,15955997
IN-01742,DOMAIN,SC571562,SC571562
IN-01743,DOMAIN,07766163,07766163
IN-01744,SPELLING,08246890,08246890
IN-01745,DOMAIN,16486376,16486376
IN-01746,VAT,13703378,13703378
IN-01747,TRANSLATION,16404720,16404720
IN-01748,LEGAL_SUFFIX,12447952,12447952
IN-01749,MIXED,11171387,11171387
IN-01750,LEGAL_SUFFIX,13791947,13791947
IN-01751,LEGAL_SUFFIX,14725185,14725185
IN-01752,MIXED,11801503,11801503
IN-01753,SPELLING,15900682,15900682
IN-01754,LEGAL_SUFFIX,13967458,13967458
IN-01755,DOMAIN,04570537,04570537
IN-01756,LEGAL_SUFFIX,09122505,09122505
IN-01757,NO_MATCH,,16064336
IN-01758,DOMAIN,13558862,13558862
IN-01759,SPELLING,11892797,11892797
IN-01760,MIXED,16368017,16368017
IN-01761,ADDRESS,16473773,16473773
IN-01762,MIXED,08970424,08970424
IN-01763,SPELLING,NI661419,NI661419
IN-01764,LEGAL_SUFFIX,08659917,08659917
IN-01765,NO_MATCH,,02235952
IN-01766,SPELLING,10605171,10605171
IN-01767,LEGAL_SUFFIX,14862126,14862126
IN-01768,NO_MATCH,,10616620
IN-01769,MIXED,16531668,16531668
IN-01770,SPELLING,17202562,17202562
IN-01771,VAT,13468434,13468434
IN-01772,SPELLING,05783371,05783371
IN-01773,LEGAL_SUFFIX,09452102,09452102
IN-01774,SPELLING,14860685,14860685
IN-01775,LEGAL_SUFFIX,SC883133,SC883133
IN-01776,MIXED,12920800,12920800
IN-01777,TRANSLATION,12009841,12009841
IN-01778,LEGAL_SUFFIX,09759982,09759982
IN-01779,LEGAL_SUFFIX,15185930,15185930
IN-01780,DOMAIN,15711371,15711371
IN-01781,SPELLING,SC226203,SC226203
IN-01782,TRANSLATION,16693493,16693493
IN-01783,VAT,11345236,11345236
IN-01784,SPELLING,13802026,13802026
IN-01785,MIXED,13393738,13393738
IN-01786,LEGAL_SUFFIX,11284613,11284613
IN-01787,DOMAIN,15128103,15128103
IN-01788,NO_MATCH,,07309166
IN-01789,DOMAIN,17279007,17279007
IN-01790,SPELLING,11892742,11892742
IN-01791,SPELLING,OC394861,OC394861
IN-01792,LEGAL_SUFFIX,17016871,17016871
IN-01793,SPELLING,05373938,05373938
IN-01794,SPELLING,15780179,15780179
IN-01795,DOMAIN,09883993,09883993
IN-01796,MIXED,15279776,15279776
IN-01797,ADDRESS,17129538,17129538
IN-01798,ADDRESS,03446672,03446672
IN-01799,LEGAL_SUFFIX,09883993,09883993
IN-01800,ADDRESS,02144993,02144993
IN-01801,MIXED,14639762,14639762
IN-01802,DOMAIN,17264793,17264793
IN-01803,TRANSLATION,10974879,10974879
IN-01804,LEGAL_SUFFIX,08749311,08749311
IN-01805,SPELLING,16538712,16538712
IN-01806,SPELLING,16930731,16930731
IN-01807,VAT,17153115,17153115
IN-01808,LEGAL_SUFFIX,13181200,13181200
IN-01809,MIXED,13452507,13452507
IN-01810,SPELLING,16144804,16144804
IN-01811,SPELLING,10509967,10509967
IN-01812,SPELLING,16390673,16390673
IN-01813,SPELLING,08693536,08693536
IN-01814,DOMAIN,13967458,13967458
IN-01815,ADDRESS,16834868,16834868
IN-01816,MIXED,16041163,16041163
IN-01817,LEGAL_SUFFIX,16352475,16352475
IN-01818,SPELLING,05749379,05749379
IN-01819,LEGAL_SUFFIX,06787284,06787284
IN-01820,MIXED,17249976,17249976
IN-01821,NO_MATCH,,11886506
IN-01822,LEGAL_SUFFIX,14767827,14767827
IN-01823,SPELLING,11689530,11689530
IN-01824,ADDRESS,12014190,12014190
IN-01825,SPELLING,11104116,11104116
IN-01826,MIXED,OC381093,OC381093
IN-01827,ADDRESS,11134351,11134351
IN-01828,NO_MATCH,,15066864
IN-01829,NO_MATCH,,17123681
IN-01830,DOMAIN,15442774,15442774
IN-01831,NO_MATCH,,10010870
IN-01832,ADDRESS,07375052,07375052
IN-01833,ADDRESS,08115257,08115257
IN-01834,LEGAL_SUFFIX,16017350,16017350
IN-01835,MIXED,15629708,15629708
IN-01836,ADDRESS,16859110,16859110
IN-01837,DOMAIN,15799945,15799945
IN-01838,TRANSLATION,09677705,09677705
IN-01839,LEGAL_SUFFIX,17302354,17302354
IN-01840,VAT,09641357,09641357
IN-01841,DOMAIN,13764946,13764946
IN-01842,VAT,15384009,15384009
IN-01843,VAT,06284655,06284655
IN-01844,ADDRESS,04195136,04195136
IN-01845,VAT,04929131,04929131
IN-01846,SPELLING,16486376,16486376
IN-01847,SPELLING,09699165,09699165
IN-01848,MIXED,04016189,04016189
IN-01849,DOMAIN,10219908,10219908
IN-01850,ADDRESS,13435298,13435298
IN-01851,VAT,17307468,17307468
IN-01852,NO_MATCH,,13762961
IN-01853,ADDRESS,SC655934,SC655934
IN-01854,DOMAIN,14634975,14634975
IN-01855,SPELLING,17016871,17016871
IN-01856,MIXED,04282072,04282072
IN-01857,LEGAL_SUFFIX,16944009,16944009
IN-01858,ADDRESS,14063355,14063355
IN-01859,ADDRESS,13396950,13396950
IN-01860,VAT,14901834,14901834
IN-01861,MIXED,13399496,13399496
IN-01862,NO_MATCH,,03374656
IN-01863,SPELLING,16352475,16352475
IN-01864,LEGAL_SUFFIX,07754823,07754823
IN-01865,SPELLING,08739452,08739452
IN-01866,LEGAL_SUFFIX,07808699,07808699
IN-01867,LEGAL_SUFFIX,12926954,12926954
IN-01868,LEGAL_SUFFIX,16378380,16378380
IN-01869,MIXED,17020471,17020471
IN-01870,LEGAL_SUFFIX,17394534,17394534
IN-01871,VAT,05367275,05367275
IN-01872,ADDRESS,16436573,16436573
IN-01873,SPELLING,11380780,11380780
IN-01874,ADDRESS,16065798,16065798
IN-01875,ADDRESS,17212199,17212199
IN-01876,MIXED,16173550,16173550
IN-01877,LEGAL_SUFFIX,16981743,16981743
IN-01878,LEGAL_SUFFIX,10404797,10404797
IN-01879,MIXED,03054734,03054734
IN-01880,ADDRESS,16510078,16510078
IN-01881,SPELLING,13170579,13170579
IN-01882,DOMAIN,SC666336,SC666336
IN-01883,NO_MATCH,,13780633
IN-01884,ADDRESS,09301077,09301077
IN-01885,VAT,07270151,07270151
IN-01886,SPELLING,16262111,16262111
IN-01887,SPELLING,13574078,13574078
IN-01888,LEGAL_SUFFIX,14191067,14191067
IN-01889,MIXED,09227911,09227911
IN-01890,VAT,16805003,16805003
IN-01891,ADDRESS,16975058,16975058
IN-01892,DOMAIN,09699165,09699165
IN-01893,NO_MATCH,,SC774245
IN-01894,ADDRESS,07391262,07391262
IN-01895,ADDRESS,16663963,16663963
IN-01896,VAT,05963591,05963591
IN-01897,ADDRESS,17279288,17279288
IN-01898,LEGAL_SUFFIX,03274004,03274004
IN-01899,DOMAIN,SC692874,SC692874
IN-01900,SPELLING,10705081,10705081
IN-01901,VAT,08739452,08739452
IN-01902,NO_MATCH,,08788203
IN-01903,NO_MATCH,,16532013
IN-01904,MIXED,11870196,11870196
IN-01905,ADDRESS,04528603,04528603
IN-01906,SPELLING,06882915,06882915
IN-01907,MIXED,12173108,12173108
IN-01908,MIXED,11355312,11355312
IN-01909,SPELLING,16025471,16025471
IN-01910,ADDRESS,16955854,16955854
IN-01911,ADDRESS,04876136,04876136
IN-01912,ADDRESS,06834150,06834150
IN-01913,DOMAIN,15866418,15866418
IN-01914,NO_MATCH,,16121528
IN-01915,SPELLING,07966323,07966323
IN-01916,LEGAL_SUFFIX,16986425,16986425
IN-01917,ADDRESS,13269086,13269086
IN-01918,MIXED,06943906,06943906
IN-01919,MIXED,13628555,13628555
IN-01920,SPELLING,03356398,03356398
IN-01921,NO_MATCH,,09174173
IN-01922,DOMAIN,16705731,16705731
IN-01923,ADDRESS,04461505,04461505
IN-01924,NO_MATCH,,07654526
IN-01925,SPELLING,15003340,15003340
IN-01926,VAT,11275367,11275367
IN-01927,NO_MATCH,,SC362302
IN-01928,SPELLING,16411336,16411336
IN-01929,SPELLING,09263909,09263909
IN-01930,DOMAIN,12014190,12014190
IN-01931,VAT,11585542,11585542
IN-01932,NO_MATCH,,14259061
IN-01933,LEGAL_SUFFIX,14631476,14631476
IN-01934,MIXED,10827111,10827111
IN-01935,MIXED,14192160,14192160
IN-01936,VAT,14772035,14772035
IN-01937,SPELLING,10381285,10381285
IN-01938,LEGAL_SUFFIX,10827111,10827111
IN-01939,MIXED,07392994,07392994
IN-01940,ADDRESS,10208014,10208014
IN-01941,DOMAIN,13313333,13313333
IN-01942,ADDRESS,17249976,17249976
IN-01943,SPELLING,17210538,17210538
IN-01944,LEGAL_SUFFIX,08714632,08714632
IN-01945,TRANSLATION,08334797,08334797
IN-01946,ADDRESS,17107349,17107349
IN-01947,SPELLING,16485581,16485581
IN-01948,VAT,03274004,03274004
IN-01949,SPELLING,07966323,07966323
IN-01950,NO_MATCH,,17420102
IN-01951,NO_MATCH,,08840368
IN-01952,LEGAL_SUFFIX,09991353,09991353
IN-01953,SPELLING,16562944,16562944
IN-01954,SPELLING,16392183,16392183
IN-01955,LEGAL_SUFFIX,11085637,11085637
IN-01956,SPELLING,08098553,08098553
IN-01957,MIXED,SC694835,SC694835
IN-01958,DOMAIN,16485581,16485581
IN-01959,VAT,11206468,11206468
IN-01960,SPELLING,13707317,13707317
IN-01961,NO_MATCH,,03909293
IN-01962,TRANSLATION,09582438,09582438
IN-01963,ADDRESS,04934927,04934927
IN-01964,SPELLING,05254364,05254364
IN-01965,TRANSLATION,08253390,08253390
IN-01966,VAT,14871871,14871871
IN-01967,VAT,09172698,09172698
IN-01968,DOMAIN,17177245,17177245
IN-01969,VAT,17146003,17146003
IN-01970,DOMAIN,12443836,12443836
IN-01971,ADDRESS,16074256,16074256
IN-01972,SPELLING,04570537,04570537
IN-01973,SPELLING,16677200,16677200
IN-01974,LEGAL_SUFFIX,16277608,16277608
IN-01975,ADDRESS,00665344,00665344
IN-01976,MIXED,13712585,13712585
IN-01977,DOMAIN,16857950,16857950
IN-01978,NO_MATCH,,NI044455
IN-01979,MIXED,04080131,04080131
IN-01980,SPELLING,09169784,09169784
IN-01981,DOMAIN,16176771,16176771
IN-01982,MIXED,07203781,07203781
IN-01983,DOMAIN,15900682,15900682
IN-01984,LEGAL_SUFFIX,SC817124,SC817124
IN-01985,MIXED,SL023513,SL023513
IN-01986,MIXED,04104063,04104063
IN-01987,VAT,14803627,14803627
IN-01988,TRANSLATION,11589115,11589115
IN-01989,NO_MATCH,,06706681
IN-01990,VAT,06927420,06927420
IN-01991,NO_MATCH,,08194506
IN-01992,SPELLING,02652284,02652284
IN-01993,NO_MATCH,,13941701
IN-01994,DOMAIN,17250071,17250071
IN-01995,TRANSLATION,13406878,13406878
IN-01996,MIXED,11182940,11182940
IN-01997,MIXED,SC820669,SC820669
IN-01998,LEGAL_SUFFIX,SL010911,SL010911
IN-01999,SPELLING,04539638,04539638
IN-02000,LEGAL_SUFFIX,08829442,08829442
