company_number,registered_name,language,translated_name
14500102,ADVANCED BUSINESS SOFTWARE UK LTD,de,Fortschrittliche Unternehmenssoftware UK GmbH
10566994,ADVANCED CONSTRUCTION SERVICES LTD,fr,Services de Construction Avancés SARL
06899800,ADVANCED DENTAL TRAINING LIMITED,es,Formación Dental Avanzada S.L.
07536101,ADVANCED DISTRIBUTION LOGISTICS LIMITED,de,Fortschrittliche Vertriebslogistik GmbH
11787404,ADVANCED ROOFING AND GUTTERING LIMITED,nl,Geavanceerde Dakbedekking en Dakgoten B.V.
10695281,ALPINE CLEANING MANAGEMENT LIMITED,de,Alpine Reinigungsmanagement GmbH
01999925,ALPINE INSURANCE SERVICES LIMITED,fr,Alpine Services d'Assurance SA
09425813,ALPINE SECURITY SYSTEMS LIMITED,de,Alpine Sicherheitssysteme GmbH
15379598,AMBER VALLEY ROOFING LIMITED,nl,Amber Vallei Dakwerken B.V.
06391520,APPLE DENTAL STUDIOS LIMITED,fr,Studios Dentaires Pomme SARL
04624795,ASH CLEANING SERVICES LTD,es,Servicios de Limpieza Ash S.L.
16065702,ASH COFFEE GROUP LIMITED,it,Gruppo Caffè Ash S.r.l.
02448830,ATLANTIC PRECISION ENGINEERING LIMITED,fr,Ingénierie de Précision Atlantique SAS
06588220,ATLANTIC UK LOGISTICS LTD,es,Logística Atlántico UK S.L.
14871871,BEACON ACCOUNTANTS LTD,nl,Baken Accountants B.V.
10974879,BEAR CLEANING LTD,de,Bär Reinigung GmbH
12314025,BEAR PAW BAKERY LTD,de,Bärentatze Bäckerei GmbH
06400412,BIRCH BUILDERS LIMITED,nl,Berk Bouwers B.V.
15063679,BLACK CAT ENGINEERING LTD,fr,Ingénierie Chat Noir SARL
16404720,BLACK DIAMOND PRINTING LTD,es,Imprenta Diamante Negro S.L.
10606425,BLACK FEN BREWERY LTD,de,Brauerei Schwarzes Fenn GmbH
10509967,BLACK MILL BREWERY LTD,nl,Brouwerij De Zwarte Molen B.V.
16491697,BLACK HAWK SECURITY SERVICES LTD,es,Servicios de Seguridad Halcón Negro S.L.
08334797,BLACK OX CONSTRUCTION LIMITED,de,Schwarzer Ochse Bau GmbH
SC541086,BLACK TULIP TRANSPORT LIMITED,nl,Zwarte Tulp Transport B.V.
12009841,BLUE ANGEL CONSTRUCTION LIMITED,it,Costruzioni Angelo Blu S.r.l.
03844702,BLUE ARROW TRANSPORT LIMITED,fr,Transports Flèche Bleue SAS
05343019,BLUE BAY TRAVEL LIMITED,es,Viajes Bahía Azul S.L.
09677705,BLUE DUCK ENGINEERING LTD,de,Blaue Ente Ingenieurbüro GmbH
05469785,BLUE FOX TRANSPORT LIMITED,de,Blauer Fuchs Transporte GmbH
09582438,BLUE GOOSE CONSTRUCTION LIMITED,nl,Blauwe Gans Bouw B.V.
13243218,BLUE JAY BOOKS LTD,fr,Livres Geai Bleu SARL
11589115,BLUE LOTUS SOFTWARE LTD,it,Loto Blu Software S.r.l.
14571146,BLUE PLUMBING AND HEATING LTD,de,Blau Sanitär und Heizung GmbH
13406878,BLUE SKIES TRAVEL LIMITED,es,Viajes Cielos Azules S.L.
08482725,BLUE SKY ACCOUNTANTS LIMITED,de,Blauer Himmel Steuerberater GmbH
11098380,BLUE SKY CLEANING SOLUTIONS LTD,fr,Solutions de Nettoyage Ciel Bleu SARL
12774295,BLUE SKY COMMERCIAL CLEANING LIMITED,nl,Blauwe Hemel Commerciële Schoonmaak B.V.
07788167,BLUE STEEL CONSTRUCTION LIMITED,es,Construcciones Acero Azul S.L.
15752607,BRIGHT CLEANING SERVICES LTD,de,Helle Reinigungsdienste GmbH
17139143,BRIGHT GARDEN CREW LIMITED,nl,Heldere Tuinploeg B.V.
16693493,BRIGHT PLAN KITCHENS LTD,de,Bright Plan Küchen GmbH
15908836,BROWN BEAR CONSULTING LTD,fr,Conseil Ours Brun SARL
16904808,BROWN BEAR SECURITY SOLUTIONS LTD,es,Soluciones de Seguridad Oso Pardo S.L.
08253390,BRITISH LOGISTICS SERVICES LTD,fr,Services Logistiques Britanniques SAS
